-- MySQL dump 10.13  Distrib 5.5.40, for debian-linux-gnu (x86_64)
--
-- Host: localhost    Database: bundesliga
-- ------------------------------------------------------
-- Server version	5.5.40-0ubuntu0.12.04.1

/*!40101 SET @OLD_CHARACTER_SET_CLIENT=@@CHARACTER_SET_CLIENT */;
/*!40101 SET @OLD_CHARACTER_SET_RESULTS=@@CHARACTER_SET_RESULTS */;
/*!40101 SET @OLD_COLLATION_CONNECTION=@@COLLATION_CONNECTION */;
/*!40101 SET NAMES utf8 */;
/*!40103 SET @OLD_TIME_ZONE=@@TIME_ZONE */;
/*!40103 SET TIME_ZONE='+00:00' */;
/*!40014 SET @OLD_UNIQUE_CHECKS=@@UNIQUE_CHECKS, UNIQUE_CHECKS=0 */;
/*!40014 SET @OLD_FOREIGN_KEY_CHECKS=@@FOREIGN_KEY_CHECKS, FOREIGN_KEY_CHECKS=0 */;
/*!40101 SET @OLD_SQL_MODE=@@SQL_MODE, SQL_MODE='NO_AUTO_VALUE_ON_ZERO' */;
/*!40111 SET @OLD_SQL_NOTES=@@SQL_NOTES, SQL_NOTES=0 */;

--
-- Current Database: `bundesliga`
--

CREATE DATABASE /*!32312 IF NOT EXISTS*/ `bundesliga` /*!40100 DEFAULT CHARACTER SET utf8 */;

USE `bundesliga`;

--
-- Table structure for table `game`
--

DROP TABLE IF EXISTS `game`;
/*!40101 SET @saved_cs_client     = @@character_set_client */;
/*!40101 SET character_set_client = utf8 */;
CREATE TABLE `game` (
  `id` int(11) NOT NULL AUTO_INCREMENT,
  `matchday_id` int(11) NOT NULL,
  `home_team_id` int(11) NOT NULL,
  `away_team_id` int(11) NOT NULL,
  `home_score` tinyint(4) DEFAULT NULL,
  `away_score` tinyint(4) DEFAULT NULL,
  `status` tinyint(4) DEFAULT '0',
  `timestamp` datetime DEFAULT NULL,
  PRIMARY KEY (`id`,`matchday_id`,`home_team_id`,`away_team_id`),
  KEY `fk_game_matchday_idx` (`matchday_id`),
  KEY `fk_game_team1_idx` (`home_team_id`),
  KEY `fk_game_team2_idx` (`away_team_id`),
  CONSTRAINT `fk_game_matchday` FOREIGN KEY (`matchday_id`) REFERENCES `matchday` (`id`) ON DELETE NO ACTION ON UPDATE NO ACTION,
  CONSTRAINT `fk_game_team1` FOREIGN KEY (`home_team_id`) REFERENCES `team` (`id`) ON DELETE NO ACTION ON UPDATE NO ACTION,
  CONSTRAINT `fk_game_team2` FOREIGN KEY (`away_team_id`) REFERENCES `team` (`id`) ON DELETE NO ACTION ON UPDATE NO ACTION
) ENGINE=InnoDB AUTO_INCREMENT=170 DEFAULT CHARSET=utf8;
/*!40101 SET character_set_client = @saved_cs_client */;

--
-- Dumping data for table `game`
--

LOCK TABLES `game` WRITE;
/*!40000 ALTER TABLE `game` DISABLE KEYS */;
INSERT INTO `game` VALUES (1,1,1,5,2,1,2,'2014-08-22 20:30:00'),(2,1,11,12,2,2,2,'2014-08-23 15:30:00'),(3,1,6,15,1,1,2,'2014-08-24 17:30:00'),(4,1,10,3,2,1,2,'2014-08-23 15:30:00'),(5,1,13,14,1,0,2,'2014-08-23 15:30:00'),(6,1,17,16,0,0,2,'2014-08-23 15:30:00'),(7,1,9,8,2,0,2,'2014-08-23 15:30:00'),(8,1,2,4,0,2,2,'2014-08-23 18:30:00'),(9,1,18,7,2,2,2,'2014-08-24 15:30:00'),(10,2,8,2,2,3,2,'2014-08-29 20:30:00'),(11,2,4,11,4,2,2,'2014-08-30 15:30:00'),(12,2,5,13,2,2,2,'2014-08-30 15:30:00'),(13,2,12,9,1,1,2,'2014-08-30 15:30:00'),(14,2,15,17,0,2,2,'2014-08-30 15:30:00'),(15,2,16,18,0,3,2,'2014-08-30 15:30:00'),(16,2,3,1,1,1,2,'2014-08-30 18:30:00'),(17,2,7,10,0,0,2,'2014-08-31 15:30:00'),(18,2,14,6,0,0,2,'2014-08-31 17:30:00'),(19,3,4,12,3,3,2,'2014-09-12 20:30:00'),(20,3,1,15,2,0,2,'2014-09-13 15:30:00'),(21,3,2,14,3,1,2,'2014-09-13 15:30:00'),(22,3,9,5,1,1,2,'2014-09-13 15:30:00'),(23,3,11,7,1,3,2,'2014-09-13 15:30:00'),(24,3,18,17,0,0,2,'2014-09-13 15:30:00'),(25,3,6,3,4,1,2,'2014-09-13 18:30:00'),(26,3,13,8,0,1,2,'2014-09-14 15:30:00'),(27,3,10,16,2,0,2,'2014-09-14 17:30:00'),(28,4,14,11,2,2,2,'2014-09-19 20:30:00'),(29,4,16,1,0,0,2,'2014-09-20 15:30:00'),(30,4,3,13,2,2,2,'2014-09-20 15:30:00'),(31,4,15,9,0,2,2,'2014-09-20 15:30:00'),(32,4,18,10,2,0,2,'2014-09-20 15:30:00'),(33,4,8,12,4,2,2,'2014-09-20 15:30:00'),(34,4,7,2,2,0,2,'2014-09-20 18:30:00'),(35,4,5,4,4,1,2,'2014-09-21 15:30:00'),(36,4,17,6,0,0,2,'2014-09-21 17:30:00'),(37,5,1,18,4,0,2,'2014-09-23 20:00:00'),(38,5,13,7,2,2,2,'2014-09-23 20:00:00'),(39,5,12,3,0,3,2,'2014-09-23 20:00:00'),(40,5,9,14,3,3,2,'2014-09-23 20:00:00'),(41,5,10,17,1,0,2,'2014-09-24 20:00:00'),(42,5,6,16,1,0,2,'2014-09-24 20:00:00'),(43,5,2,15,2,2,2,'2014-09-24 20:00:00'),(44,5,4,8,1,0,2,'2014-09-24 20:00:00'),(45,5,11,5,1,0,2,'2014-09-24 20:00:00'),(46,6,7,9,0,0,2,'2014-09-26 20:30:00'),(47,6,17,1,0,2,2,'2014-09-27 15:30:00'),(48,6,15,10,1,0,2,'2014-09-27 15:30:00'),(49,6,18,6,1,2,2,'2014-09-27 15:30:00'),(50,6,3,2,2,1,2,'2014-09-27 15:30:00'),(51,6,14,4,0,0,2,'2014-09-27 15:30:00'),(52,6,5,12,2,1,2,'2014-09-27 18:30:00'),(53,6,8,11,1,0,2,'2014-09-28 15:30:00'),(54,6,16,13,1,2,2,'2014-09-28 17:30:00'),(55,7,11,15,3,2,2,'2014-10-03 20:30:00'),(56,7,1,10,4,0,2,'2014-10-04 15:30:00'),(57,7,9,3,2,1,2,'2014-10-04 15:30:00'),(58,7,4,18,2,2,2,'2014-10-04 15:30:00'),(59,7,2,16,0,1,2,'2014-10-04 15:30:00'),(60,7,12,14,1,1,2,'2014-10-04 15:30:00'),(61,7,13,17,3,2,2,'2014-10-04 18:30:00'),(62,7,5,8,1,0,2,'2014-10-05 15:30:00'),(63,7,6,7,1,1,2,'2014-10-05 17:30:00'),(64,8,1,12,6,0,2,'2014-10-18 15:30:00'),(65,8,17,2,2,1,2,'2014-10-18 15:30:00'),(66,8,14,5,1,2,2,'2014-10-18 15:30:00'),(67,8,3,11,2,0,2,'2014-10-18 18:30:00'),(68,8,10,6,0,3,2,'2014-10-18 15:30:00'),(69,8,15,4,3,3,2,'2014-10-18 15:30:00'),(70,8,7,8,2,1,2,'2014-10-18 15:30:00'),(71,8,16,9,1,1,2,'2014-10-19 15:30:00'),(72,8,18,13,3,1,2,'2014-10-19 17:30:00'),(73,9,12,17,0,1,2,'2014-10-24 20:30:00'),(74,9,2,10,0,1,2,'2014-10-25 15:30:00'),(75,9,13,15,4,5,2,'2014-10-25 15:30:00'),(76,9,9,18,1,0,2,'2014-10-25 15:30:00'),(77,9,11,16,3,0,2,'2014-10-25 15:30:00'),(78,9,8,14,2,0,2,'2014-10-25 15:30:00'),(79,9,4,3,1,0,2,'2014-10-25 18:30:00'),(80,9,5,7,3,0,2,'2014-10-26 15:30:00'),(81,9,6,1,0,0,2,'2014-10-26 17:30:00'),(82,10,3,8,1,0,2,'2014-10-31 20:30:00'),(83,10,10,13,1,0,2,'2014-11-01 15:30:00'),(84,10,16,4,1,0,2,'2014-11-01 15:30:00'),(85,10,1,2,2,1,2,'2014-11-01 18:30:00'),(86,10,7,12,1,2,2,'2014-11-01 15:30:00'),(87,10,15,5,0,4,2,'2014-11-01 15:30:00'),(88,10,6,9,3,1,2,'2014-11-02 15:30:00'),(89,10,17,14,0,1,2,'2014-11-02 17:30:00'),(90,10,18,11,3,1,2,'2014-11-02 17:30:00'),(91,11,11,10,0,2,2,'2014-11-07 20:30:00'),(92,11,13,1,0,4,2,'2014-11-08 15:30:00'),(93,11,14,3,2,0,2,'2014-11-08 15:30:00'),(94,11,9,17,3,4,2,'2014-11-08 15:30:00'),(95,11,4,7,0,0,2,'2014-11-08 15:30:00'),(96,11,8,18,3,0,2,'2014-11-08 15:30:00'),(97,11,12,15,2,0,2,'2014-11-08 18:30:00'),(98,11,5,16,2,0,2,'2014-11-09 15:30:00'),(99,11,2,6,1,0,2,'2014-11-09 17:30:00'),(100,12,19,10,2,0,2,'2014-10-28 19:00:00'),(101,12,21,11,0,0,2,'2014-10-28 19:00:00'),(102,12,20,12,0,2,2,'2014-10-28 19:00:00'),(103,12,22,23,1,0,2,'2014-10-28 19:00:00'),(104,12,24,25,2,0,2,'2014-10-28 20:30:00'),(105,12,27,17,0,0,2,'2014-10-28 20:30:00'),(106,12,26,2,0,3,2,'2014-10-28 20:30:00'),(107,12,28,29,2,1,2,'2014-10-28 20:30:00'),(108,12,30,31,0,1,2,'2014-10-29 19:00:00'),(109,12,32,4,2,2,2,'2014-10-29 19:00:00'),(110,12,33,14,2,5,2,'2014-10-29 19:00:00'),(111,12,34,35,3,1,2,'2014-10-29 19:00:00'),(112,12,16,1,1,3,2,'2014-10-29 20:30:00'),(113,12,13,6,1,2,2,'2014-10-29 20:30:00'),(114,12,5,36,4,1,2,'2014-10-29 20:30:00'),(115,12,9,37,5,1,2,'2014-10-29 20:30:00'),(116,14,1,9,4,0,2,'2014-11-22 15:30:00'),(117,14,3,5,3,2,2,'2014-11-22 15:30:00'),(118,14,6,13,1,3,2,'2014-11-22 15:30:00'),(119,14,7,14,2,2,2,'2014-11-22 15:30:00'),(120,14,10,4,1,3,2,'2014-11-22 15:30:00'),(121,14,18,2,2,2,2,'2014-11-22 15:30:00'),(122,14,16,12,2,0,2,'2014-11-23 15:30:00'),(123,14,15,8,0,1,2,'2014-11-23 17:30:00'),(124,14,17,11,1,2,2,'2014-11-22 18:30:00'),(125,15,14,15,NULL,NULL,0,'2014-11-28 20:30:00'),(126,15,3,7,NULL,NULL,0,'2014-11-29 15:30:00'),(127,15,4,17,NULL,NULL,0,'2014-11-29 15:30:00'),(128,15,8,16,NULL,NULL,0,'2014-11-29 15:30:00'),(129,15,11,1,NULL,NULL,0,'2014-11-29 15:30:00'),(130,15,12,18,NULL,NULL,0,'2014-11-29 15:30:00'),(131,15,9,10,NULL,NULL,0,'2014-11-29 18:30:00'),(132,15,5,6,NULL,NULL,0,'2014-11-30 15:30:00'),(133,15,13,2,NULL,NULL,0,'2014-11-30 17:30:00'),(134,16,2,9,NULL,NULL,0,'2014-12-05 20:30:00'),(135,16,6,11,NULL,NULL,0,'2014-12-06 15:30:00'),(136,16,10,5,NULL,NULL,0,'2014-12-06 15:30:00'),(137,16,15,3,NULL,NULL,0,'2014-12-06 15:30:00'),(138,16,17,8,NULL,NULL,0,'2014-12-06 15:30:00'),(139,16,18,14,NULL,NULL,0,'2014-12-06 15:30:00'),(140,16,1,4,NULL,NULL,0,'2014-12-06 18:30:00'),(141,16,16,7,NULL,NULL,0,'2014-12-07 15:30:00'),(142,16,13,12,NULL,NULL,0,'2014-12-07 17:30:00'),(143,17,9,13,NULL,NULL,0,'2014-12-12 20:30:00'),(144,17,3,17,NULL,NULL,0,'2014-12-13 15:30:00'),(145,17,8,1,NULL,NULL,0,'2014-12-13 15:30:00'),(146,17,11,2,NULL,NULL,0,'2014-12-13 15:30:00'),(147,17,12,10,NULL,NULL,0,'2014-12-13 15:30:00'),(148,17,14,16,NULL,NULL,0,'2014-12-13 15:30:00'),(149,17,7,15,NULL,NULL,0,'2014-12-13 18:30:00'),(150,17,4,6,NULL,NULL,0,'2014-12-14 15:30:00'),(151,17,5,18,NULL,NULL,0,'2014-12-14 17:30:00'),(152,18,1,14,NULL,NULL,0,'2014-12-16 20:00:00'),(153,18,10,8,NULL,NULL,0,'2014-12-16 20:00:00'),(154,18,16,15,NULL,NULL,0,'2014-12-16 20:00:00'),(155,18,17,7,NULL,NULL,0,'2014-12-16 20:00:00'),(156,18,2,5,NULL,NULL,0,'2014-12-17 20:00:00'),(157,18,6,12,NULL,NULL,0,'2014-12-17 20:00:00'),(158,18,9,4,NULL,NULL,0,'2014-12-17 20:00:00'),(159,18,13,11,NULL,NULL,0,'2014-12-17 20:00:00'),(160,18,18,3,NULL,NULL,0,'2014-12-17 20:00:00'),(161,19,7,1,NULL,NULL,0,'2014-12-19 20:30:00'),(162,19,3,16,NULL,NULL,0,'2014-12-20 15:30:00'),(163,19,4,13,NULL,NULL,0,'2014-12-20 15:30:00'),(164,19,8,6,NULL,NULL,0,'2014-12-20 15:30:00'),(165,19,12,2,NULL,NULL,0,'2014-12-20 15:30:00'),(166,19,15,18,NULL,NULL,0,'2014-12-20 15:30:00'),(167,19,5,17,NULL,NULL,0,'2014-12-20 18:30:00'),(168,19,11,9,NULL,NULL,0,'2014-12-21 15:30:00'),(169,19,14,10,NULL,NULL,0,'2014-12-21 17:30:00');
/*!40000 ALTER TABLE `game` ENABLE KEYS */;
UNLOCK TABLES;

--
-- Table structure for table `matchday`
--

DROP TABLE IF EXISTS `matchday`;
/*!40101 SET @saved_cs_client     = @@character_set_client */;
/*!40101 SET character_set_client = utf8 */;
CREATE TABLE `matchday` (
  `id` int(11) NOT NULL AUTO_INCREMENT,
  `season_id` int(11) NOT NULL,
  `matchday_number` tinyint(4) NOT NULL,
  `games` tinyint(4) DEFAULT '0',
  `status` tinyint(4) DEFAULT '0',
  `name` varchar(20) DEFAULT 'Spieltag',
  PRIMARY KEY (`id`,`season_id`),
  KEY `fk_matchday_season1_idx` (`season_id`),
  CONSTRAINT `fk_matchday_season1` FOREIGN KEY (`season_id`) REFERENCES `season` (`id`) ON DELETE NO ACTION ON UPDATE NO ACTION
) ENGINE=InnoDB AUTO_INCREMENT=20 DEFAULT CHARSET=utf8;
/*!40101 SET character_set_client = @saved_cs_client */;

--
-- Dumping data for table `matchday`
--

LOCK TABLES `matchday` WRITE;
/*!40000 ALTER TABLE `matchday` DISABLE KEYS */;
INSERT INTO `matchday` VALUES (1,1,1,9,2,'1. Spieltag'),(2,1,2,9,2,'2. Spieltag'),(3,1,3,9,2,'3. Spieltag'),(4,1,4,9,2,'4. Spieltag'),(5,1,5,9,2,'5. Spieltag'),(6,1,6,9,2,'6. Spieltag'),(7,1,7,9,2,'7. Spieltag'),(8,1,8,9,2,'8. Spieltag'),(9,1,9,9,2,'9. Spieltag'),(10,1,10,9,2,'10. Spieltag'),(11,1,11,9,2,'11. Spieltag'),(12,2,1,16,2,'2. Runde'),(14,1,12,9,2,'12. Spieltag'),(15,1,13,9,0,'13. Spieltag'),(16,1,14,9,0,'14. Spieltag'),(17,1,15,9,0,'15. Spieltag'),(18,1,16,9,0,'16. Spieltag'),(19,1,17,9,0,'17. Spieltag');
/*!40000 ALTER TABLE `matchday` ENABLE KEYS */;
UNLOCK TABLES;

--
-- Table structure for table `prediction`
--

DROP TABLE IF EXISTS `prediction`;
/*!40101 SET @saved_cs_client     = @@character_set_client */;
/*!40101 SET character_set_client = utf8 */;
CREATE TABLE `prediction` (
  `id` int(11) NOT NULL AUTO_INCREMENT,
  `home_prediction` tinyint(4) DEFAULT NULL,
  `away_prediction` tinyint(4) DEFAULT NULL,
  `status` tinyint(4) DEFAULT '0',
  `points` decimal(16,14) DEFAULT NULL,
  `game_id` int(11) NOT NULL,
  `user_id` int(11) NOT NULL,
  `tendency` tinyint(4) NOT NULL DEFAULT '0',
  `difference` tinyint(4) NOT NULL DEFAULT '0',
  `goal_number` tinyint(4) NOT NULL DEFAULT '0',
  `exact` tinyint(4) NOT NULL DEFAULT '0',
  PRIMARY KEY (`id`,`game_id`,`user_id`),
  KEY `fk_prediction_game1_idx` (`game_id`),
  KEY `fk_prediction_user1_idx` (`user_id`),
  CONSTRAINT `fk_prediction_game1` FOREIGN KEY (`game_id`) REFERENCES `game` (`id`) ON DELETE NO ACTION ON UPDATE NO ACTION,
  CONSTRAINT `fk_prediction_user1` FOREIGN KEY (`user_id`) REFERENCES `user` (`id`) ON DELETE NO ACTION ON UPDATE NO ACTION
) ENGINE=InnoDB AUTO_INCREMENT=3108 DEFAULT CHARSET=utf8;
/*!40101 SET character_set_client = @saved_cs_client */;

--
-- Dumping data for table `prediction`
--

LOCK TABLES `prediction` WRITE;
/*!40000 ALTER TABLE `prediction` DISABLE KEYS */;
INSERT INTO `prediction` VALUES (1,3,2,1,1.99264705882350,1,1,1,1,0,0),(2,1,2,1,0.00000000000000,2,1,0,0,0,0),(3,2,1,1,0.00000000000000,3,1,0,0,0,0),(4,1,0,1,2.32352941176470,4,1,1,1,0,0),(5,3,1,1,1.45685279187820,5,1,1,0,0,0),(6,1,1,1,1.56250000000000,6,1,1,1,0,0),(7,2,0,1,1.90347490347490,7,1,1,1,1,1),(8,2,1,1,0.00000000000000,8,1,0,0,0,0),(9,2,3,1,0.00000000000000,9,1,0,0,0,0),(10,1,3,1,1.23914735452600,10,1,1,0,0,0),(11,3,0,1,1.21811710871960,11,1,1,0,0,0),(12,2,1,1,0.00000000000000,12,1,0,0,0,0),(13,1,2,1,0.00000000000000,13,1,0,0,0,0),(14,1,1,1,0.00000000000000,14,1,0,0,0,0),(15,2,1,1,0.00000000000000,15,1,0,0,0,0),(16,1,3,1,0.00000000000000,16,1,0,0,0,0),(17,0,1,1,0.00000000000000,17,1,0,0,0,0),(18,1,2,1,0.00000000000000,18,1,0,0,0,0),(19,3,1,1,1.67760617760620,7,2,1,1,0,0),(20,2,1,1,2.98529411764710,1,2,1,1,1,1),(21,1,1,1,0.00000000000000,4,2,0,0,0,0),(22,1,0,1,0.00000000000000,2,2,0,0,0,0),(23,0,1,1,0.00000000000000,5,2,0,0,0,0),(24,1,2,1,0.00000000000000,6,2,0,0,0,0),(25,2,1,1,0.00000000000000,8,2,0,0,0,0),(26,1,2,1,0.00000000000000,9,2,0,0,0,0),(27,3,1,1,0.00000000000000,3,2,0,0,0,0),(28,1,3,1,1.23914735452600,10,2,1,0,0,0),(29,2,0,1,1.35234302177780,11,2,1,1,0,0),(30,2,1,1,0.00000000000000,12,2,0,0,0,0),(31,1,2,1,0.00000000000000,13,2,0,0,0,0),(32,1,2,1,2.00000000000000,14,2,1,0,0,0),(33,2,1,1,0.00000000000000,15,2,0,0,0,0),(34,1,3,1,0.00000000000000,16,2,0,0,0,0),(35,1,0,1,0.00000000000000,17,2,0,0,0,0),(36,0,1,1,0.00000000000000,18,2,0,0,0,0),(37,0,0,1,0.00000000000000,1,5,0,0,0,0),(38,0,0,1,1.22500000000000,2,5,1,1,0,0),(39,0,0,1,1.75524475524480,3,5,1,1,0,0),(40,0,0,1,0.00000000000000,4,5,0,0,0,0),(41,0,0,1,0.00000000000000,5,5,0,0,0,0),(42,0,0,1,1.73125000000000,6,5,1,1,1,1),(43,0,0,1,0.00000000000000,7,5,0,0,0,0),(44,0,0,1,0.00000000000000,8,5,0,0,0,0),(45,0,0,1,1.45000000000000,9,5,1,1,0,0),(46,1,1,1,0.00000000000000,10,5,0,0,0,0),(47,2,0,1,1.35234302177780,11,5,1,1,0,0),(48,1,2,1,0.00000000000000,12,5,0,0,0,0),(49,2,1,1,0.00000000000000,13,5,0,0,0,0),(50,0,2,1,6.00000000000000,14,5,1,1,1,1),(51,2,0,1,0.00000000000000,15,5,0,0,0,0),(52,2,1,1,0.00000000000000,16,5,0,0,0,0),(53,0,0,1,2.21224489795920,17,5,1,1,1,1),(54,3,1,1,0.00000000000000,18,5,0,0,0,0),(55,3,2,1,1.99264705882350,1,12,1,1,0,0),(56,1,1,1,0.00000000000000,7,12,0,0,0,0),(57,2,1,1,3.64705882352940,4,12,1,1,1,1),(58,2,0,1,0.00000000000000,2,12,0,0,0,0),(59,1,2,1,0.00000000000000,5,12,0,0,0,0),(60,2,1,1,0.00000000000000,6,12,0,0,0,0),(61,3,2,1,0.00000000000000,8,12,0,0,0,0),(62,2,0,1,0.00000000000000,9,12,0,0,0,0),(63,1,0,1,0.00000000000000,3,12,0,0,0,0),(64,1,0,1,0.00000000000000,10,12,0,0,0,0),(65,2,1,1,1.21811710871960,11,12,1,0,0,0),(66,1,2,1,0.00000000000000,12,12,0,0,0,0),(67,2,1,1,0.00000000000000,13,12,0,0,0,0),(68,1,2,1,2.00000000000000,14,12,1,0,0,0),(69,1,2,1,4.00000000000000,15,12,1,0,1,0),(70,1,2,1,0.00000000000000,16,12,0,0,0,0),(71,1,2,1,0.00000000000000,17,12,0,0,0,0),(72,1,2,1,0.00000000000000,18,12,0,0,0,0),(73,0,0,1,0.00000000000000,1,15,0,0,0,0),(74,0,0,1,1.22500000000000,2,15,1,1,0,0),(75,0,0,1,1.75524475524480,3,15,1,1,0,0),(76,0,0,1,0.00000000000000,4,15,0,0,0,0),(77,0,0,1,0.00000000000000,5,15,0,0,0,0),(78,0,0,1,1.73125000000000,6,15,1,1,1,1),(79,0,0,1,0.00000000000000,7,15,0,0,0,0),(80,0,0,1,0.00000000000000,8,15,0,0,0,0),(81,0,0,1,1.45000000000000,9,15,1,1,0,0),(82,2,3,1,3.86976825431220,10,15,1,1,1,1),(83,1,0,1,1.20820269468690,11,15,1,0,0,0),(84,2,0,1,0.00000000000000,12,15,0,0,0,0),(85,3,0,1,0.00000000000000,13,15,0,0,0,0),(86,1,1,1,0.00000000000000,14,15,0,0,0,0),(87,1,1,1,0.00000000000000,15,15,0,0,0,0),(88,2,3,1,0.00000000000000,16,15,0,0,0,0),(89,3,2,1,0.00000000000000,17,15,0,0,0,0),(90,2,1,1,0.00000000000000,18,15,0,0,0,0),(91,1,2,1,0.00000000000000,1,19,0,0,0,0),(92,3,0,1,1.45173745173750,7,19,1,0,0,0),(93,1,1,1,0.00000000000000,4,19,0,0,0,0),(94,0,0,1,1.22500000000000,2,19,1,1,0,0),(95,1,0,1,2.25634517766500,5,19,1,1,1,1),(96,4,0,1,0.00000000000000,6,19,0,0,0,0),(97,3,1,1,0.00000000000000,8,19,0,0,0,0),(98,0,1,1,0.00000000000000,9,19,0,0,0,0),(99,2,0,1,0.00000000000000,3,19,0,0,0,0),(100,0,3,1,1.13044401155960,10,19,1,0,0,0),(101,1,1,1,0.00000000000000,11,19,0,0,0,0),(102,3,1,1,0.00000000000000,12,19,0,0,0,0),(103,0,2,1,0.00000000000000,13,19,0,0,0,0),(104,2,2,1,0.00000000000000,14,19,0,0,0,0),(105,2,1,1,0.00000000000000,15,19,0,0,0,0),(106,0,4,1,0.00000000000000,16,19,0,0,0,0),(107,0,0,1,2.21224489795920,17,19,1,1,1,1),(108,0,1,1,0.00000000000000,18,19,0,0,0,0),(109,3,1,1,1.39705882352940,1,21,1,0,0,0),(110,2,0,1,1.90347490347490,7,21,1,1,1,1),(111,1,2,1,0.00000000000000,4,21,0,0,0,0),(112,1,1,1,1.90000000000000,2,21,1,1,0,0),(113,2,1,1,1.62817258883250,5,21,1,1,0,0),(114,3,2,1,0.00000000000000,8,21,0,0,0,0),(115,2,1,1,0.00000000000000,9,21,0,0,0,0),(116,3,1,1,0.00000000000000,3,21,0,0,0,0),(117,1,3,1,1.23914735452600,10,21,1,0,0,0),(118,2,0,1,1.35234302177780,11,21,1,1,0,0),(119,3,1,1,0.00000000000000,12,21,0,0,0,0),(120,1,3,1,0.00000000000000,13,21,0,0,0,0),(121,1,1,1,0.00000000000000,14,21,0,0,0,0),(122,2,1,1,0.00000000000000,15,21,0,0,0,0),(123,0,3,1,0.00000000000000,16,21,0,0,0,0),(124,1,2,1,0.00000000000000,17,21,0,0,0,0),(125,1,2,1,0.00000000000000,18,21,0,0,0,0),(126,2,0,1,1.39705882352940,1,7,1,0,0,0),(127,1,0,1,1.45173745173750,7,7,1,0,0,0),(128,1,1,1,1.90000000000000,2,7,1,1,0,0),(129,0,1,1,0.00000000000000,3,7,0,0,0,0),(130,1,1,1,0.00000000000000,4,7,0,0,0,0),(131,1,1,1,0.00000000000000,5,7,0,0,0,0),(132,1,1,1,1.56250000000000,6,7,1,1,0,0),(133,1,1,1,0.00000000000000,8,7,0,0,0,0),(134,1,3,1,0.00000000000000,9,7,0,0,0,0),(135,0,2,1,1.15104043443750,10,7,1,0,0,0),(136,2,1,1,1.21811710871960,11,7,1,0,0,0),(137,1,1,1,2.01069518716580,12,7,1,1,0,0),(138,2,1,1,0.00000000000000,13,7,0,0,0,0),(139,1,1,1,0.00000000000000,14,7,0,0,0,0),(140,1,0,1,0.00000000000000,15,7,0,0,0,0),(141,0,1,1,0.00000000000000,16,7,0,0,0,0),(142,1,1,1,1.60612244897960,17,7,1,1,0,0),(143,1,1,1,2.56521739130430,18,7,1,1,0,0),(144,0,0,1,0.00000000000000,1,16,0,0,0,0),(145,0,0,1,1.22500000000000,2,16,1,1,0,0),(146,0,0,1,1.75524475524480,3,16,1,1,0,0),(147,0,0,1,0.00000000000000,4,16,0,0,0,0),(148,0,0,1,0.00000000000000,5,16,0,0,0,0),(149,0,0,1,1.73125000000000,6,16,1,1,1,1),(150,0,0,1,0.00000000000000,7,16,0,0,0,0),(151,0,0,1,0.00000000000000,8,16,0,0,0,0),(152,0,0,1,1.45000000000000,9,16,1,1,0,0),(153,1,3,1,1.23914735452600,10,16,1,0,0,0),(154,2,0,1,1.35234302177780,11,16,1,1,0,0),(155,1,1,1,2.01069518716580,12,16,1,1,0,0),(156,1,3,1,0.00000000000000,13,16,0,0,0,0),(157,2,1,1,0.00000000000000,14,16,0,0,0,0),(158,1,3,1,0.00000000000000,16,16,0,0,0,0),(159,1,2,1,0.00000000000000,17,16,0,0,0,0),(160,1,0,1,0.00000000000000,6,21,0,0,0,0),(161,3,0,1,0.00000000000000,15,16,0,0,0,0),(162,1,2,1,0.00000000000000,18,16,0,0,0,0),(163,0,0,1,0.00000000000000,1,3,0,0,0,0),(164,0,0,1,1.22500000000000,2,3,1,1,0,0),(165,0,0,1,1.75524475524480,3,3,1,1,0,0),(166,0,0,1,0.00000000000000,4,3,0,0,0,0),(167,0,0,1,0.00000000000000,5,3,0,0,0,0),(168,0,0,1,1.73125000000000,6,3,1,1,1,1),(169,0,0,1,0.00000000000000,7,3,0,0,0,0),(170,0,0,1,0.00000000000000,8,3,0,0,0,0),(171,0,0,1,1.45000000000000,9,3,1,1,0,0),(172,0,2,1,1.15104043443750,10,3,1,0,0,0),(173,2,0,1,1.35234302177780,11,3,1,1,0,0),(174,2,1,1,0.00000000000000,12,3,0,0,0,0),(175,1,1,1,3.06896551724140,13,3,1,1,1,1),(176,2,0,1,0.00000000000000,14,3,0,0,0,0),(177,1,2,1,4.00000000000000,15,3,1,0,1,0),(178,0,3,1,0.00000000000000,16,3,0,0,0,0),(179,2,2,1,1.44081632653060,17,3,1,1,0,0),(180,1,1,1,2.56521739130430,18,3,1,1,0,0),(181,0,0,1,0.00000000000000,1,20,0,0,0,0),(182,0,0,1,1.22500000000000,2,20,1,1,0,0),(183,0,0,1,1.75524475524480,3,20,1,1,0,0),(184,0,0,1,0.00000000000000,4,20,0,0,0,0),(185,0,0,1,0.00000000000000,5,20,0,0,0,0),(186,0,0,1,1.73125000000000,6,20,1,1,1,1),(187,0,0,1,0.00000000000000,7,20,0,0,0,0),(188,0,0,1,0.00000000000000,8,20,0,0,0,0),(189,0,0,1,1.45000000000000,9,20,1,1,0,0),(190,1,2,1,1.71744206357810,10,20,1,1,0,0),(191,3,0,1,1.21811710871960,11,20,1,0,0,0),(192,1,0,1,0.00000000000000,12,20,0,0,0,0),(193,3,2,1,0.00000000000000,13,20,0,0,0,0),(194,1,1,1,0.00000000000000,14,20,0,0,0,0),(195,2,1,1,0.00000000000000,15,20,0,0,0,0),(196,1,3,1,0.00000000000000,16,20,0,0,0,0),(197,1,2,1,0.00000000000000,17,20,0,0,0,0),(198,1,2,1,0.00000000000000,18,20,0,0,0,0),(199,1,2,1,0.00000000000000,1,4,0,0,0,0),(200,3,0,1,1.45173745173750,7,4,1,0,0,0),(201,2,1,1,3.64705882352940,4,4,1,1,1,1),(202,0,1,1,0.00000000000000,2,4,0,0,0,0),(203,2,1,1,1.62817258883250,5,4,1,1,0,0),(204,1,1,1,1.56250000000000,6,4,1,1,0,0),(205,4,2,1,0.00000000000000,8,4,0,0,0,0),(206,1,0,1,0.00000000000000,9,4,0,0,0,0),(207,1,0,1,0.00000000000000,3,4,0,0,0,0),(208,0,5,1,1.12477253279620,10,4,1,0,1,0),(209,3,0,1,1.21811710871960,11,4,1,0,0,0),(210,2,0,1,0.00000000000000,12,4,0,0,0,0),(211,2,1,1,0.00000000000000,13,4,0,0,0,0),(212,1,0,1,0.00000000000000,14,4,0,0,0,0),(213,0,1,1,2.50000000000000,15,4,1,0,0,0),(214,1,1,1,5.90909090909090,16,4,1,1,1,1),(215,1,0,1,0.00000000000000,17,4,0,0,0,0),(216,0,3,1,0.00000000000000,18,4,0,0,0,0),(217,1,1,1,0.00000000000000,1,10,0,0,0,0),(218,3,1,1,1.67760617760620,7,10,1,1,0,0),(219,2,0,1,2.05882352941180,4,10,1,0,0,0),(220,1,2,1,0.00000000000000,2,10,0,0,0,0),(221,2,0,1,1.50253807106600,5,10,1,0,0,0),(222,1,3,1,0.00000000000000,6,10,0,0,0,0),(223,2,0,1,0.00000000000000,8,10,0,0,0,0),(224,0,2,1,0.00000000000000,9,10,0,0,0,0),(225,2,0,1,0.00000000000000,3,10,0,0,0,0),(226,1,3,1,1.23914735452600,10,10,1,0,0,0),(227,2,1,1,1.21811710871960,11,10,1,0,0,0),(228,2,1,1,0.00000000000000,12,10,0,0,0,0),(229,1,2,1,0.00000000000000,13,10,0,0,0,0),(230,1,2,1,2.00000000000000,14,10,1,0,0,0),(231,2,1,1,0.00000000000000,15,10,0,0,0,0),(232,2,2,1,3.45454545454550,16,10,1,1,0,0),(233,3,1,1,0.00000000000000,17,10,0,0,0,0),(234,0,2,1,0.00000000000000,18,10,0,0,0,0),(235,0,0,1,0.00000000000000,1,9,0,0,0,0),(236,0,0,1,1.22500000000000,2,9,1,1,0,0),(237,0,0,1,1.75524475524480,3,9,1,1,0,0),(238,0,0,1,0.00000000000000,4,9,0,0,0,0),(239,0,0,1,0.00000000000000,5,9,0,0,0,0),(240,0,0,1,1.73125000000000,6,9,1,1,1,1),(241,0,0,1,0.00000000000000,7,9,0,0,0,0),(242,0,0,1,0.00000000000000,8,9,0,0,0,0),(243,0,0,1,1.45000000000000,9,9,1,1,0,0),(244,1,2,1,1.71744206357810,10,9,1,1,0,0),(245,3,1,1,1.76340988051860,11,9,1,1,0,0),(246,2,0,1,0.00000000000000,12,9,0,0,0,0),(247,1,1,1,3.06896551724140,13,9,1,1,1,1),(248,2,1,1,0.00000000000000,14,9,0,0,0,0),(249,1,0,1,0.00000000000000,15,9,0,0,0,0),(250,1,3,1,0.00000000000000,16,9,0,0,0,0),(251,1,1,1,1.60612244897960,17,9,1,1,0,0),(252,0,2,1,0.00000000000000,18,9,0,0,0,0),(253,0,0,1,0.00000000000000,1,13,0,0,0,0),(254,0,0,1,1.22500000000000,2,13,1,1,0,0),(255,0,0,1,1.75524475524480,3,13,1,1,0,0),(256,0,0,1,0.00000000000000,4,13,0,0,0,0),(257,0,0,1,0.00000000000000,5,13,0,0,0,0),(258,0,0,1,1.73125000000000,6,13,1,1,1,1),(259,0,0,1,0.00000000000000,7,13,0,0,0,0),(260,0,0,1,0.00000000000000,8,13,0,0,0,0),(261,0,0,1,1.45000000000000,9,13,1,1,0,0),(262,0,1,1,1.47829470905200,10,13,1,1,0,0),(263,3,1,1,1.76340988051860,11,13,1,1,0,0),(264,0,0,1,1.67379679144390,12,13,1,1,0,0),(265,1,2,1,0.00000000000000,13,13,0,0,0,0),(266,1,0,1,0.00000000000000,14,13,0,0,0,0),(267,2,0,1,0.00000000000000,15,13,0,0,0,0),(268,1,3,1,0.00000000000000,16,13,0,0,0,0),(269,2,2,1,1.44081632653060,17,13,1,1,0,0),(270,1,2,1,0.00000000000000,18,13,0,0,0,0),(271,3,1,1,1.39705882352940,1,23,1,0,0,0),(272,2,0,1,1.90347490347490,7,23,1,1,1,1),(273,2,3,1,0.00000000000000,4,23,0,0,0,0),(274,1,0,1,0.00000000000000,2,23,0,0,0,0),(275,1,0,1,2.25634517766500,5,23,1,1,1,1),(276,2,1,1,0.00000000000000,6,23,0,0,0,0),(277,3,1,1,0.00000000000000,8,23,0,0,0,0),(278,1,2,1,0.00000000000000,9,23,0,0,0,0),(279,3,0,1,0.00000000000000,3,23,0,0,0,0),(280,0,3,1,1.13044401155960,10,23,1,0,0,0),(281,1,2,1,0.00000000000000,11,23,0,0,0,0),(282,2,0,1,0.00000000000000,12,23,0,0,0,0),(283,0,4,1,0.00000000000000,13,23,0,0,0,0),(284,1,0,1,0.00000000000000,14,23,0,0,0,0),(285,2,1,1,0.00000000000000,15,23,0,0,0,0),(286,1,3,1,0.00000000000000,16,23,0,0,0,0),(287,0,2,1,0.00000000000000,17,23,0,0,0,0),(288,1,3,1,0.00000000000000,18,23,0,0,0,0),(289,3,1,1,1.39705882352940,1,18,1,0,0,0),(290,1,1,1,0.00000000000000,7,18,0,0,0,0),(291,2,2,1,0.00000000000000,4,18,0,0,0,0),(292,0,1,1,0.00000000000000,2,18,0,0,0,0),(293,2,1,1,1.62817258883250,5,18,1,1,0,0),(294,2,1,1,0.00000000000000,6,18,0,0,0,0),(295,2,0,1,0.00000000000000,8,18,0,0,0,0),(296,1,0,1,0.00000000000000,9,18,0,0,0,0),(297,0,2,1,0.00000000000000,3,18,0,0,0,0),(298,0,2,1,1.15104043443750,10,18,1,0,0,0),(299,1,1,1,0.00000000000000,11,18,0,0,0,0),(300,3,1,1,0.00000000000000,12,18,0,0,0,0),(301,2,0,1,0.00000000000000,13,18,0,0,0,0),(302,1,1,1,0.00000000000000,14,18,0,0,0,0),(303,2,0,1,0.00000000000000,15,18,0,0,0,0),(304,1,2,1,0.00000000000000,16,18,0,0,0,0),(305,0,0,1,2.21224489795920,17,18,1,1,1,1),(306,1,3,1,0.00000000000000,18,18,0,0,0,0),(307,0,0,1,0.00000000000000,1,11,0,0,0,0),(308,0,0,1,1.22500000000000,2,11,1,1,0,0),(309,2,2,1,1.75524475524480,3,11,1,1,0,0),(310,0,0,1,0.00000000000000,4,11,0,0,0,0),(311,0,0,1,0.00000000000000,5,11,0,0,0,0),(312,0,0,1,1.73125000000000,6,11,1,1,1,1),(313,0,0,1,0.00000000000000,7,11,0,0,0,0),(314,1,0,1,0.00000000000000,8,11,0,0,0,0),(315,1,3,1,0.00000000000000,9,11,0,0,0,0),(316,0,1,1,1.47829470905200,10,11,1,1,0,0),(317,3,1,1,1.76340988051860,11,11,1,1,0,0),(318,0,1,1,0.00000000000000,12,11,0,0,0,0),(319,1,1,1,3.06896551724140,13,11,1,1,1,1),(320,3,1,1,0.00000000000000,14,11,0,0,0,0),(321,0,0,1,0.00000000000000,15,11,0,0,0,0),(322,0,3,1,0.00000000000000,16,11,0,0,0,0),(323,2,2,1,1.44081632653060,17,11,1,1,0,0),(324,1,3,1,0.00000000000000,18,11,0,0,0,0),(325,2,0,1,1.39705882352940,1,22,1,0,0,0),(326,2,0,1,1.90347490347490,7,22,1,1,1,1),(327,1,2,1,0.00000000000000,4,22,0,0,0,0),(328,1,1,1,1.90000000000000,2,22,1,1,0,0),(329,1,0,1,2.25634517766500,5,22,1,1,1,1),(330,0,1,1,0.00000000000000,6,22,0,0,0,0),(331,2,1,1,0.00000000000000,8,22,0,0,0,0),(332,1,1,1,3.47500000000000,9,22,1,1,0,0),(333,1,3,1,0.00000000000000,3,22,0,0,0,0),(334,1,3,1,1.23914735452600,10,22,1,0,0,0),(335,2,0,1,1.35234302177780,11,22,1,1,0,0),(336,1,0,1,0.00000000000000,12,22,0,0,0,0),(337,1,2,1,0.00000000000000,13,22,0,0,0,0),(338,1,1,1,0.00000000000000,14,22,0,0,0,0),(339,2,1,1,0.00000000000000,15,22,0,0,0,0),(340,1,2,1,0.00000000000000,16,22,0,0,0,0),(341,0,1,1,0.00000000000000,17,22,0,0,0,0),(342,1,2,1,0.00000000000000,18,22,0,0,0,0),(343,2,1,1,2.98529411764710,1,14,1,1,1,1),(344,2,0,1,1.90347490347490,7,14,1,1,1,1),(345,1,1,1,0.00000000000000,4,14,0,0,0,0),(346,2,1,1,0.00000000000000,2,14,0,0,0,0),(347,0,0,1,0.00000000000000,5,14,0,0,0,0),(348,1,2,1,0.00000000000000,6,14,0,0,0,0),(349,3,1,1,0.00000000000000,8,14,0,0,0,0),(350,1,0,1,0.00000000000000,9,14,0,0,0,0),(351,2,0,1,0.00000000000000,3,14,0,0,0,0),(352,0,2,1,1.15104043443750,10,14,1,0,0,0),(353,3,1,1,1.76340988051860,11,14,1,1,0,0),(354,2,1,1,0.00000000000000,12,14,0,0,0,0),(355,0,2,1,0.00000000000000,13,14,0,0,0,0),(356,1,1,1,0.00000000000000,14,14,0,0,0,0),(357,0,1,1,2.50000000000000,15,14,1,0,0,0),(358,0,3,1,0.00000000000000,16,14,0,0,0,0),(359,2,3,1,0.00000000000000,17,14,0,0,0,0),(360,0,2,1,0.00000000000000,18,14,0,0,0,0),(361,0,0,1,0.00000000000000,1,25,0,0,0,0),(362,0,0,1,1.22500000000000,2,25,1,1,0,0),(363,0,0,1,1.75524475524480,3,25,1,1,0,0),(364,0,0,1,0.00000000000000,4,25,0,0,0,0),(365,0,0,1,0.00000000000000,5,25,0,0,0,0),(366,0,0,1,1.73125000000000,6,25,1,1,1,1),(367,0,0,1,0.00000000000000,7,25,0,0,0,0),(368,0,0,1,0.00000000000000,8,25,0,0,0,0),(369,0,0,1,1.45000000000000,9,25,1,1,0,0),(370,10,10,1,0.00000000000000,10,25,0,0,0,0),(371,10,10,1,0.00000000000000,11,25,0,0,0,0),(372,10,10,1,1.57754010695190,12,25,1,1,0,0),(373,10,10,1,2.24137931034480,13,25,1,1,0,0),(374,10,10,1,0.00000000000000,14,25,0,0,0,0),(375,10,10,1,0.00000000000000,15,25,0,0,0,0),(376,10,10,1,2.63636363636360,16,25,1,1,0,0),(377,10,10,1,1.40408163265310,17,25,1,1,0,0),(378,10,10,1,2.17391304347830,18,25,1,1,0,0),(379,3,0,1,1.33088235294120,1,26,1,0,1,0),(380,1,2,1,0.00000000000000,7,26,0,0,0,0),(381,1,2,1,0.00000000000000,4,26,0,0,0,0),(382,2,2,1,4.60000000000000,2,26,1,1,1,1),(383,2,0,1,1.50253807106600,5,26,1,0,0,0),(384,1,3,1,0.00000000000000,6,26,0,0,0,0),(385,3,2,1,0.00000000000000,8,26,0,0,0,0),(386,1,1,1,3.47500000000000,9,26,1,1,0,0),(387,1,0,1,0.00000000000000,3,26,0,0,0,0),(388,1,4,1,1.14348841271560,10,26,1,0,1,0),(389,2,1,1,1.21811710871960,11,26,1,0,0,0),(390,2,2,1,5.04278074866310,12,26,1,1,1,1),(391,0,2,1,0.00000000000000,13,26,0,0,0,0),(392,0,1,1,2.00000000000000,14,26,1,0,0,0),(393,2,0,1,0.00000000000000,15,26,0,0,0,0),(394,1,3,1,0.00000000000000,16,26,0,0,0,0),(395,1,1,1,1.60612244897960,17,26,1,1,0,0),(396,0,1,1,0.00000000000000,18,26,0,0,0,0),(397,0,1,1,0.00000000000000,1,17,0,0,0,0),(398,2,0,1,1.90347490347490,7,17,1,1,1,1),(399,1,2,1,0.00000000000000,4,17,0,0,0,0),(400,0,0,1,1.22500000000000,2,17,1,1,0,0),(401,1,1,1,0.00000000000000,5,17,0,0,0,0),(402,0,2,1,0.00000000000000,6,17,0,0,0,0),(403,2,0,1,0.00000000000000,8,17,0,0,0,0),(404,0,3,1,0.00000000000000,9,17,0,0,0,0),(405,2,2,1,1.75524475524480,3,17,1,1,0,0),(406,0,2,1,1.15104043443750,10,17,1,0,0,0),(407,3,1,1,1.76340988051860,11,17,1,1,0,0),(408,0,0,1,1.67379679144390,12,17,1,1,0,0),(409,1,0,1,0.00000000000000,13,17,0,0,0,0),(410,1,1,1,0.00000000000000,14,17,0,0,0,0),(411,1,0,1,0.00000000000000,15,17,0,0,0,0),(412,1,2,1,0.00000000000000,16,17,0,0,0,0),(413,0,2,1,0.00000000000000,17,17,0,0,0,0),(414,0,1,1,0.00000000000000,18,17,0,0,0,0),(415,3,0,1,1.33088235294120,1,6,1,0,1,0),(416,5,1,1,1.41698841698840,7,6,1,0,0,0),(417,2,2,1,0.00000000000000,4,6,0,0,0,0),(418,1,2,1,0.00000000000000,2,6,0,0,0,0),(419,1,0,1,2.25634517766500,5,6,1,1,1,1),(420,3,2,1,0.00000000000000,6,6,0,0,0,0),(421,1,1,1,0.00000000000000,8,6,0,0,0,0),(422,1,2,1,0.00000000000000,9,6,0,0,0,0),(423,3,3,1,1.69230769230770,3,6,1,1,0,0),(424,0,2,1,1.15104043443750,10,6,1,0,0,0),(425,3,1,1,1.76340988051860,11,6,1,1,0,0),(426,1,1,1,2.01069518716580,12,6,1,1,0,0),(427,2,2,1,2.55172413793100,13,6,1,1,0,0),(428,2,0,1,0.00000000000000,14,6,0,0,0,0),(429,2,1,1,0.00000000000000,15,6,0,0,0,0),(430,1,0,1,0.00000000000000,16,6,0,0,0,0),(431,1,1,1,1.60612244897960,17,6,1,1,0,0),(432,0,2,1,0.00000000000000,18,6,0,0,0,0),(433,3,1,1,1.39705882352940,1,8,1,0,0,0),(434,3,0,1,1.45173745173750,7,8,1,0,0,0),(435,1,0,1,2.32352941176470,4,8,1,1,0,0),(436,1,0,1,0.00000000000000,2,8,0,0,0,0),(437,2,1,1,1.62817258883250,5,8,1,1,0,0),(438,1,0,1,0.00000000000000,6,8,0,0,0,0),(439,0,1,1,10.00000000000000,8,8,1,0,0,0),(440,1,0,1,0.00000000000000,9,8,0,0,0,0),(441,2,0,1,0.00000000000000,3,8,0,0,0,0),(442,0,2,1,1.15104043443750,10,8,1,0,0,0),(443,2,0,1,1.35234302177780,11,8,1,1,0,0),(444,3,1,1,0.00000000000000,12,8,0,0,0,0),(445,0,1,1,0.00000000000000,13,8,0,0,0,0),(446,2,0,1,0.00000000000000,14,8,0,0,0,0),(447,1,0,1,0.00000000000000,15,8,0,0,0,0),(448,1,2,1,0.00000000000000,16,8,0,0,0,0),(449,1,0,1,0.00000000000000,17,8,0,0,0,0),(450,0,0,1,5.69565217391300,18,8,1,1,1,1),(451,0,0,1,0.00000000000000,1,24,0,0,0,0),(452,0,0,1,1.22500000000000,2,24,1,1,0,0),(453,0,0,1,1.75524475524480,3,24,1,1,0,0),(454,0,0,1,0.00000000000000,4,24,0,0,0,0),(455,0,0,1,0.00000000000000,5,24,0,0,0,0),(456,0,0,1,1.73125000000000,6,24,1,1,1,1),(457,0,0,1,0.00000000000000,7,24,0,0,0,0),(458,0,0,1,0.00000000000000,8,24,0,0,0,0),(459,0,0,1,1.45000000000000,9,24,1,1,0,0),(460,1,2,1,1.71744206357810,10,24,1,1,0,0),(461,2,1,1,1.21811710871960,11,24,1,0,0,0),(462,2,1,1,0.00000000000000,12,24,0,0,0,0),(463,3,2,1,0.00000000000000,13,24,0,0,0,0),(464,2,1,1,0.00000000000000,14,24,0,0,0,0),(465,1,1,1,0.00000000000000,15,24,0,0,0,0),(466,1,2,1,0.00000000000000,16,24,0,0,0,0),(467,0,0,1,2.21224489795920,17,24,1,1,1,1),(468,0,1,1,0.00000000000000,18,24,0,0,0,0),(469,3,1,1,0.00000000000000,19,1,0,0,0,0),(470,3,1,1,1.37459283387620,20,1,1,1,0,0),(471,2,0,1,1.51276359600440,21,1,1,1,0,0),(472,2,1,1,0.00000000000000,22,1,0,0,0,0),(473,2,1,1,0.00000000000000,23,1,0,0,0,0),(474,2,1,1,0.00000000000000,24,1,0,0,0,0),(475,1,0,1,1.51639344262300,25,1,1,0,0,0),(476,3,2,1,0.00000000000000,26,1,0,0,0,0),(477,2,1,1,1.60810810810810,27,1,1,0,0,0),(478,2,1,1,1.26221498371340,20,7,1,0,0,0),(479,2,1,1,1.21975582685900,21,7,1,0,0,0),(480,1,1,1,4.00000000000000,19,7,1,1,0,0),(481,1,1,1,0.00000000000000,25,7,0,0,0,0),(482,1,2,1,0.00000000000000,22,7,0,0,0,0),(483,1,1,1,0.00000000000000,26,7,0,0,0,0),(484,1,1,1,0.00000000000000,27,7,0,0,0,0),(485,1,0,1,0.00000000000000,23,7,0,0,0,0),(486,1,1,1,1.75789473684210,24,7,1,1,0,0),(487,2,0,1,0.00000000000000,19,26,0,0,0,0),(488,3,1,1,1.37459283387620,20,26,1,1,0,0),(489,3,1,1,1.76914539400670,21,26,1,1,1,1),(490,2,2,1,1.47368421052630,22,26,1,1,0,0),(491,1,0,1,0.00000000000000,23,26,0,0,0,0),(492,1,2,1,0.00000000000000,24,26,0,0,0,0),(493,1,0,1,1.51639344262300,25,26,1,0,0,0),(494,2,1,1,0.00000000000000,26,26,0,0,0,0),(495,1,2,1,0.00000000000000,27,26,0,0,0,0),(496,3,1,1,0.00000000000000,19,23,0,0,0,0),(497,2,0,1,1.52442996742670,20,23,1,1,1,1),(498,3,0,1,1.21975582685900,21,23,1,0,0,0),(499,1,2,1,0.00000000000000,27,23,0,0,0,0),(500,1,0,1,0.00000000000000,26,23,0,0,0,0),(501,1,2,1,0.00000000000000,25,23,0,0,0,0),(502,1,2,1,0.00000000000000,24,23,0,0,0,0),(503,1,1,1,0.00000000000000,23,23,0,0,0,0),(504,2,2,1,1.47368421052630,22,23,1,1,0,0),(505,3,0,1,0.00000000000000,19,14,0,0,0,0),(506,2,0,1,1.52442996742670,20,14,1,1,1,1),(507,3,1,1,1.76914539400670,21,14,1,1,1,1),(508,2,0,1,0.00000000000000,23,14,0,0,0,0),(509,2,1,1,0.00000000000000,24,14,0,0,0,0),(510,2,1,1,1.66393442622950,25,14,1,0,0,0),(511,0,1,1,3.70000000000000,26,14,1,1,1,1),(512,1,2,1,0.00000000000000,27,14,0,0,0,0),(513,1,2,1,0.00000000000000,19,2,0,0,0,0),(514,4,1,1,1.22801302931600,20,2,1,0,0,0),(515,1,2,1,0.00000000000000,21,2,0,0,0,0),(516,2,1,1,0.00000000000000,22,2,0,0,0,0),(517,2,2,1,0.00000000000000,23,2,0,0,0,0),(518,1,2,1,0.00000000000000,24,2,0,0,0,0),(519,2,1,1,1.66393442622950,25,2,1,0,0,0),(520,0,1,1,3.70000000000000,26,2,1,1,1,1),(521,0,0,1,0.00000000000000,27,2,0,0,0,0),(522,2,1,1,0.00000000000000,28,2,0,0,0,0),(523,1,4,1,0.00000000000000,29,2,0,0,0,0),(524,1,2,1,0.00000000000000,30,2,0,0,0,0),(525,1,3,1,2.20000000000000,31,2,1,1,0,0),(526,2,0,1,3.48684210526320,32,2,1,1,1,1),(527,1,1,1,0.00000000000000,33,2,0,0,0,0),(528,2,1,1,10.00000000000000,34,2,1,0,0,0),(529,2,2,1,0.00000000000000,35,2,0,0,0,0),(530,1,2,1,0.00000000000000,36,2,0,0,0,0),(531,3,1,1,1.31762193795840,37,2,1,0,1,0),(532,1,2,1,0.00000000000000,38,2,0,0,0,0),(533,1,0,1,0.00000000000000,39,2,0,0,0,0),(534,1,2,1,0.00000000000000,40,2,0,0,0,0),(535,1,1,1,0.00000000000000,41,2,0,0,0,0),(536,1,2,1,0.00000000000000,43,2,0,0,0,0),(537,1,2,1,0.00000000000000,42,2,0,0,0,0),(538,1,2,1,0.00000000000000,44,2,0,0,0,0),(539,1,3,1,0.00000000000000,45,2,0,0,0,0),(540,1,3,1,1.45778876722010,47,2,1,1,0,0),(541,1,1,1,0.00000000000000,48,2,0,0,0,0),(542,2,1,1,0.00000000000000,49,2,0,0,0,0),(543,2,1,1,3.00000000000000,50,2,1,1,1,1),(544,2,1,1,0.00000000000000,51,2,0,0,0,0),(545,1,2,1,0.00000000000000,52,2,0,0,0,0),(546,1,2,1,0.00000000000000,53,2,0,0,0,0),(547,2,1,1,0.00000000000000,54,2,0,0,0,0),(548,1,2,1,0.00000000000000,19,10,0,0,0,0),(549,4,1,1,1.22801302931600,20,10,1,0,0,0),(550,3,1,1,1.76914539400670,21,10,1,1,1,1),(551,2,2,1,1.47368421052630,22,10,1,1,0,0),(552,4,0,1,0.00000000000000,19,15,0,0,0,0),(553,2,0,1,1.52442996742670,20,15,1,1,1,1),(554,2,0,1,1.51276359600440,21,15,1,1,0,0),(555,2,1,1,0.00000000000000,22,15,0,0,0,0),(556,2,1,1,0.00000000000000,23,15,0,0,0,0),(557,1,2,1,0.00000000000000,24,15,0,0,0,0),(558,2,1,1,1.66393442622950,25,15,1,0,0,0),(559,1,0,1,0.00000000000000,26,15,0,0,0,0),(560,2,0,1,2.36824324324320,27,15,1,1,1,1),(561,1,2,1,1.85714285714290,23,10,1,0,0,0),(562,1,2,1,0.00000000000000,24,10,0,0,0,0),(563,1,2,1,0.00000000000000,25,10,0,0,0,0),(564,1,2,1,1.90000000000000,26,10,1,1,0,0),(565,1,2,1,0.00000000000000,27,10,0,0,0,0),(566,1,1,1,4.00000000000000,19,12,1,1,0,0),(567,1,1,1,0.00000000000000,20,12,0,0,0,0),(568,1,1,1,0.00000000000000,21,12,0,0,0,0),(569,2,1,1,0.00000000000000,22,12,0,0,0,0),(570,1,2,1,1.85714285714290,23,12,1,0,0,0),(571,1,2,1,0.00000000000000,24,12,0,0,0,0),(572,1,2,1,0.00000000000000,25,12,0,0,0,0),(573,1,1,1,0.00000000000000,26,12,0,0,0,0),(574,1,2,1,0.00000000000000,27,12,0,0,0,0),(575,3,0,1,0.00000000000000,19,13,0,0,0,0),(576,2,0,1,1.52442996742670,20,13,1,1,1,1),(577,2,1,1,1.21975582685900,21,13,1,0,0,0),(578,0,1,1,0.00000000000000,22,13,0,0,0,0),(579,0,0,1,0.00000000000000,23,13,0,0,0,0),(580,1,1,1,1.75789473684210,24,13,1,1,0,0),(581,1,2,1,0.00000000000000,25,13,0,0,0,0),(582,1,1,1,0.00000000000000,26,13,0,0,0,0),(583,2,0,1,2.36824324324320,27,13,1,1,1,1),(584,3,0,1,0.00000000000000,19,4,0,0,0,0),(585,3,0,1,1.26221498371340,20,4,1,0,0,0),(586,5,0,1,1.20976692563820,21,4,1,0,0,0),(587,1,2,1,0.00000000000000,22,4,0,0,0,0),(588,0,0,1,0.00000000000000,23,4,0,0,0,0),(589,0,0,1,2.76842105263160,24,4,1,1,1,1),(590,2,1,1,1.66393442622950,25,4,1,0,0,0),(591,1,0,1,0.00000000000000,26,4,0,0,0,0),(592,3,1,1,2.09459459459460,27,4,1,1,0,0),(593,1,2,1,0.00000000000000,28,4,0,0,0,0),(594,1,1,1,2.68750000000000,29,4,1,1,0,0),(595,0,0,1,10.00000000000000,30,4,1,1,0,0),(596,0,3,1,1.60000000000000,31,4,1,0,0,0),(597,1,2,1,0.00000000000000,32,4,0,0,0,0),(598,0,2,1,0.00000000000000,33,4,0,0,0,0),(599,0,3,1,0.00000000000000,34,4,0,0,0,0),(600,1,2,1,0.00000000000000,35,4,0,0,0,0),(601,0,2,1,0.00000000000000,36,4,0,0,0,0),(602,3,1,1,0.00000000000000,19,6,0,0,0,0),(603,3,0,1,1.21975582685900,21,6,1,0,0,0),(604,2,1,1,0.00000000000000,46,2,0,0,0,0),(605,0,2,1,0.00000000000000,28,26,0,0,0,0),(606,0,3,1,0.00000000000000,29,26,0,0,0,0),(607,2,1,1,0.00000000000000,30,26,0,0,0,0),(608,1,2,1,1.60000000000000,31,26,1,0,0,0),(609,2,2,1,0.00000000000000,32,26,0,0,0,0),(610,0,1,1,0.00000000000000,33,26,0,0,0,0),(611,1,3,1,0.00000000000000,34,26,0,0,0,0),(612,2,1,1,1.75903614457830,35,26,1,0,0,0),(613,2,3,1,0.00000000000000,36,26,0,0,0,0),(614,2,0,1,1.25409755036680,37,26,1,0,0,0),(615,2,0,1,0.00000000000000,38,26,0,0,0,0),(616,1,2,1,2.00000000000000,39,26,1,0,1,0),(617,3,2,1,0.00000000000000,40,26,0,0,0,0),(618,1,1,1,0.00000000000000,41,26,0,0,0,0),(619,1,2,1,0.00000000000000,42,26,0,0,0,0),(620,3,1,1,0.00000000000000,43,26,0,0,0,0),(621,2,1,1,1.62860310421290,44,26,1,1,0,0),(622,1,2,1,0.00000000000000,45,26,0,0,0,0),(623,1,1,1,1.54545454545450,46,26,1,1,0,0),(624,1,3,1,1.45778876722010,47,26,1,1,0,0),(625,2,2,1,0.00000000000000,48,26,0,0,0,0),(626,1,2,1,1.91981132075470,49,26,1,1,1,1),(627,2,2,1,0.00000000000000,50,26,0,0,0,0),(628,0,1,1,0.00000000000000,51,26,0,0,0,0),(629,2,0,1,1.22992700729930,52,26,1,0,0,0),(630,2,1,1,2.09565217391300,53,26,1,1,0,0),(631,2,1,1,0.00000000000000,54,26,0,0,0,0),(632,2,4,1,0.00000000000000,22,14,0,0,0,0),(633,1,1,1,0.00000000000000,31,7,0,0,0,0),(634,1,0,1,0.00000000000000,30,7,0,0,0,0),(635,0,2,1,0.00000000000000,29,7,0,0,0,0),(636,1,1,1,1.81818181818180,28,7,1,1,0,0),(637,0,1,1,0.00000000000000,32,7,0,0,0,0),(638,1,0,1,1.34394904458600,33,7,1,0,0,0),(639,0,1,1,0.00000000000000,34,7,0,0,0,0),(640,1,1,1,0.00000000000000,35,7,0,0,0,0),(641,0,2,1,0.00000000000000,36,7,0,0,0,0),(642,1,0,1,1.21174795863900,37,7,1,0,0,0),(643,1,1,1,1.45762711864410,38,7,1,1,0,0),(644,1,1,1,0.00000000000000,39,7,0,0,0,0),(645,1,1,1,4.37500000000000,40,7,1,1,0,0),(646,1,1,1,0.00000000000000,41,7,0,0,0,0),(647,1,1,1,0.00000000000000,42,7,0,0,0,0),(648,1,1,1,10.00000000000000,43,7,1,1,0,0),(649,2,1,1,1.62860310421290,44,7,1,1,0,0),(650,1,1,1,0.00000000000000,45,7,0,0,0,0),(651,1,1,1,1.54545454545450,46,7,1,1,0,0),(652,1,1,1,0.00000000000000,47,7,0,0,0,0),(653,1,1,1,0.00000000000000,48,7,0,0,0,0),(654,1,2,1,1.91981132075470,49,7,1,1,1,1),(655,1,1,1,0.00000000000000,50,7,0,0,0,0),(656,1,1,1,2.28571428571430,51,7,1,1,0,0),(657,1,1,1,0.00000000000000,52,7,0,0,0,0),(658,1,0,1,3.19130434782610,53,7,1,1,1,1),(659,1,1,1,0.00000000000000,54,7,0,0,0,0),(660,1,0,1,1.64800000000000,55,7,1,1,0,0),(661,2,0,1,1.27678045909360,56,7,1,0,0,0),(662,1,1,1,0.00000000000000,57,7,0,0,0,0),(663,1,0,1,0.00000000000000,58,7,0,0,0,0),(664,1,1,1,0.00000000000000,59,7,0,0,0,0),(665,2,1,1,0.00000000000000,60,7,0,0,0,0),(666,1,1,1,0.00000000000000,61,7,0,0,0,0),(667,0,1,1,0.00000000000000,62,7,0,0,0,0),(668,1,1,1,3.81250000000000,63,7,1,1,1,1),(669,1,1,1,0.00000000000000,64,7,0,0,0,0),(670,0,2,1,0.00000000000000,65,7,0,0,0,0),(671,1,1,1,0.00000000000000,66,7,0,0,0,0),(672,1,0,1,1.27321428571430,67,7,1,0,0,0),(673,1,1,1,0.00000000000000,68,7,0,0,0,0),(674,1,1,1,2.31250000000000,69,7,1,1,0,0),(675,1,0,1,1.50400000000000,70,7,1,1,0,0),(676,1,1,1,2.68750000000000,71,7,1,1,1,1),(677,2,1,1,1.76744186046510,72,7,1,0,0,0),(678,1,1,1,0.00000000000000,73,7,0,0,0,0),(679,2,1,1,0.00000000000000,74,7,0,0,0,0),(680,1,1,1,0.00000000000000,75,7,0,0,0,0),(681,1,0,1,4.16147169605330,76,7,1,1,1,1),(682,1,1,1,0.00000000000000,77,7,0,0,0,0),(683,1,1,1,0.00000000000000,78,7,0,0,0,0),(684,1,1,1,0.00000000000000,79,7,0,0,0,0),(685,1,1,1,0.00000000000000,80,7,0,0,0,0),(686,1,1,1,2.54285714285710,81,7,1,1,0,0),(687,2,0,1,1.31945392491470,82,7,1,0,0,0),(688,1,1,1,0.00000000000000,83,7,0,0,0,0),(689,1,1,1,0.00000000000000,84,7,0,0,0,0),(690,1,1,1,0.00000000000000,86,7,0,0,0,0),(691,1,1,1,0.00000000000000,87,7,0,0,0,0),(692,1,1,1,0.00000000000000,85,7,0,0,0,0),(693,1,1,1,0.00000000000000,88,7,0,0,0,0),(694,1,1,1,0.00000000000000,89,7,0,0,0,0),(695,0,1,1,0.00000000000000,90,7,0,0,0,0),(696,1,1,1,0.00000000000000,91,7,0,0,0,0),(697,0,1,1,1.14844568153010,92,7,1,0,0,0),(698,1,1,1,0.00000000000000,93,7,0,0,0,0),(699,1,1,1,0.00000000000000,94,7,0,0,0,0),(700,1,1,1,2.87500000000000,95,7,1,1,0,0),(701,1,0,1,1.38297872340430,96,7,1,0,0,0),(702,1,1,1,0.00000000000000,97,7,0,0,0,0),(703,1,1,1,0.00000000000000,98,7,0,0,0,0),(704,1,1,1,0.00000000000000,99,7,0,0,0,0),(705,1,2,1,0.00000000000000,55,26,0,0,0,0),(706,3,1,1,1.42775161859920,56,26,1,0,1,0),(707,3,2,1,1.60365853658540,57,26,1,1,0,0),(708,2,1,1,0.00000000000000,58,26,0,0,0,0),(709,2,0,1,0.00000000000000,59,26,0,0,0,0),(710,1,1,1,1.88392857142860,60,26,1,1,1,1),(711,2,2,1,0.00000000000000,61,26,0,0,0,0),(712,3,1,1,1.45253827558420,62,26,1,0,0,0),(713,4,0,1,0.00000000000000,63,26,0,0,0,0),(714,2,0,1,1.17147323682200,64,26,1,0,0,0),(715,1,3,1,0.00000000000000,65,26,0,0,0,0),(716,0,1,1,2.00000000000000,66,26,1,1,0,0),(717,1,1,1,0.00000000000000,67,26,0,0,0,0),(718,1,2,1,1.58793969849250,68,26,1,0,1,0),(719,1,3,1,0.00000000000000,69,26,0,0,0,0),(720,1,0,1,1.50400000000000,70,26,1,1,0,0),(721,2,2,1,2.12500000000000,71,26,1,1,0,0),(722,1,2,1,0.00000000000000,72,26,0,0,0,0),(723,2,2,1,0.00000000000000,73,26,0,0,0,0),(724,2,0,1,0.00000000000000,74,26,0,0,0,0),(725,1,2,1,2.89473684210530,75,26,1,1,0,0),(726,3,2,1,1.63229433921070,76,26,1,1,0,0),(727,1,2,1,0.00000000000000,77,26,0,0,0,0),(728,1,1,1,0.00000000000000,78,26,0,0,0,0),(729,4,3,1,1.53420011305820,79,26,1,1,0,0),(730,2,0,1,2.29807692307690,80,26,1,0,0,0),(731,1,2,1,0.00000000000000,81,26,0,0,0,0),(732,2,1,1,1.47918088737200,82,26,1,1,0,0),(733,2,1,1,2.31250000000000,83,26,1,1,0,0),(734,0,2,1,0.00000000000000,84,26,0,0,0,0),(735,1,1,1,0.00000000000000,86,26,0,0,0,0),(736,1,2,1,1.32898172323760,87,26,1,0,0,0),(737,3,1,1,1.62705631894720,85,26,1,0,0,0),(738,1,2,1,0.00000000000000,88,26,0,0,0,0),(739,1,0,1,0.00000000000000,89,26,0,0,0,0),(740,1,0,1,1.29670329670330,90,26,1,0,0,0),(741,1,2,1,4.00000000000000,91,26,1,0,0,0),(742,1,3,1,1.21206525932870,92,26,1,0,1,0),(743,0,2,1,0.00000000000000,93,26,0,0,0,0),(744,1,1,1,0.00000000000000,94,26,0,0,0,0),(745,3,2,1,0.00000000000000,95,26,0,0,0,0),(746,1,2,1,0.00000000000000,96,26,0,0,0,0),(747,2,3,1,0.00000000000000,97,26,0,0,0,0),(748,3,1,1,1.50920789882410,98,26,1,1,0,0),(749,3,2,1,1.56803776129470,99,26,1,1,0,0),(750,3,1,1,0.00000000000000,19,16,0,0,0,0),(751,4,1,1,1.22801302931600,20,16,1,0,0,0),(752,3,1,1,1.76914539400670,21,16,1,1,1,1),(753,1,1,1,2.13684210526320,22,16,1,1,1,1),(754,1,1,1,0.00000000000000,23,16,0,0,0,0),(755,1,1,1,1.75789473684210,24,16,1,1,0,0),(756,1,1,1,0.00000000000000,25,16,0,0,0,0),(757,2,1,1,0.00000000000000,26,16,0,0,0,0),(758,2,2,1,0.00000000000000,27,16,0,0,0,0),(759,3,1,1,0.00000000000000,19,9,0,0,0,0),(760,2,0,1,1.52442996742670,20,9,1,1,1,1),(761,2,1,1,1.21975582685900,21,9,1,0,0,0),(762,0,2,1,0.00000000000000,22,9,0,0,0,0),(763,2,2,1,0.00000000000000,23,9,0,0,0,0),(764,3,2,1,0.00000000000000,24,9,0,0,0,0),(765,2,0,1,3.32377049180330,25,9,1,0,0,0),(766,1,2,1,1.90000000000000,26,9,1,1,0,0),(767,0,1,1,0.00000000000000,27,9,0,0,0,0),(768,3,1,1,0.00000000000000,19,22,0,0,0,0),(769,3,1,1,0.00000000000000,19,11,0,0,0,0),(770,2,0,1,0.00000000000000,19,21,0,0,0,0),(771,2,0,1,1.52442996742670,20,21,1,1,1,1),(772,2,1,1,1.21975582685900,21,21,1,0,0,0),(773,2,2,1,1.47368421052630,22,21,1,1,0,0),(774,1,1,1,0.00000000000000,23,21,0,0,0,0),(775,1,1,1,1.75789473684210,24,21,1,1,0,0),(776,2,1,1,1.66393442622950,25,21,1,0,0,0),(777,2,0,1,0.00000000000000,26,21,0,0,0,0),(778,1,1,1,0.00000000000000,27,21,0,0,0,0),(779,2,1,1,0.00000000000000,28,23,0,0,0,0),(780,0,3,1,0.00000000000000,29,23,0,0,0,0),(781,2,1,1,0.00000000000000,30,23,0,0,0,0),(782,1,2,1,1.60000000000000,31,23,1,0,0,0),(783,3,2,1,1.71052631578950,32,23,1,0,0,0),(784,3,2,1,1.85987261146500,33,23,1,0,0,0),(785,1,2,1,0.00000000000000,34,23,0,0,0,0),(786,3,2,1,2.13855421686750,35,23,1,0,1,0),(787,2,3,1,0.00000000000000,36,23,0,0,0,0),(788,2,0,1,1.52442996742670,20,11,1,1,1,1),(789,1,1,1,4.00000000000000,19,18,1,1,0,0),(790,3,1,1,1.37459283387620,20,18,1,1,0,0),(791,2,0,1,1.51276359600440,21,18,1,1,0,0),(792,1,1,1,2.13684210526320,22,18,1,1,1,1),(793,1,2,1,1.85714285714290,23,18,1,0,0,0),(794,0,1,1,0.00000000000000,24,18,0,0,0,0),(795,0,2,1,0.00000000000000,25,18,0,0,0,0),(796,2,1,1,0.00000000000000,26,18,0,0,0,0),(797,1,2,1,0.00000000000000,27,18,0,0,0,0),(798,3,0,1,1.26221498371340,20,6,1,0,0,0),(799,2,0,1,0.00000000000000,22,6,0,0,0,0),(800,1,3,1,5.28571428571430,23,6,1,1,1,1),(801,1,0,1,0.00000000000000,24,6,0,0,0,0),(802,2,0,1,3.32377049180330,25,6,1,0,0,0),(803,4,0,1,0.00000000000000,26,6,0,0,0,0),(804,1,1,1,0.00000000000000,27,6,0,0,0,0),(805,2,0,1,1.52442996742670,20,22,1,1,1,1),(806,2,1,1,1.21975582685900,21,22,1,0,0,0),(807,1,1,1,2.13684210526320,22,22,1,1,1,1),(808,1,0,1,0.00000000000000,23,22,0,0,0,0),(809,0,0,1,2.76842105263160,24,22,1,1,1,1),(810,1,1,1,0.00000000000000,25,22,0,0,0,0),(811,1,0,1,0.00000000000000,26,22,0,0,0,0),(812,1,0,1,1.60810810810810,27,22,1,0,0,0),(813,3,1,1,0.00000000000000,19,17,0,0,0,0),(814,2,0,1,1.52442996742670,20,17,1,1,1,1),(815,2,1,1,1.21975582685900,21,17,1,0,0,0),(816,0,0,1,1.47368421052630,22,17,1,1,0,0),(817,0,2,1,3.14285714285710,23,17,1,1,0,0),(818,0,1,1,0.00000000000000,24,17,0,0,0,0),(819,1,3,1,0.00000000000000,25,17,0,0,0,0),(820,1,2,1,1.90000000000000,26,17,1,1,0,0),(821,0,1,1,0.00000000000000,27,17,0,0,0,0),(822,2,0,1,1.52442996742670,20,20,1,1,1,1),(823,3,0,1,1.21975582685900,21,20,1,0,0,0),(824,3,2,1,0.00000000000000,22,20,0,0,0,0),(825,1,2,1,0.00000000000000,24,20,0,0,0,0),(826,2,0,1,0.00000000000000,26,20,0,0,0,0),(827,3,2,1,0.00000000000000,23,20,0,0,0,0),(828,0,0,1,0.00000000000000,25,20,0,0,0,0),(829,1,1,1,0.00000000000000,27,20,0,0,0,0),(830,3,1,1,1.76914539400670,21,11,1,1,1,1),(831,1,1,1,2.13684210526320,22,11,1,1,1,1),(832,1,0,1,0.00000000000000,23,11,0,0,0,0),(833,2,2,1,1.66315789473680,24,11,1,1,0,0),(834,0,1,1,0.00000000000000,25,11,0,0,0,0),(835,1,2,1,1.90000000000000,26,11,1,1,0,0),(836,2,0,1,2.36824324324320,27,11,1,1,1,1),(837,3,0,1,0.00000000000000,19,20,0,0,0,0),(838,2,0,1,0.00000000000000,19,19,0,0,0,0),(839,3,0,1,1.26221498371340,20,19,1,0,0,0),(840,4,1,1,1.21975582685900,21,19,1,0,0,0),(841,1,1,1,2.13684210526320,22,19,1,1,1,1),(842,2,1,1,0.00000000000000,23,19,0,0,0,0),(843,0,1,1,0.00000000000000,24,19,0,0,0,0),(844,0,1,1,0.00000000000000,25,19,0,0,0,0),(845,0,0,1,0.00000000000000,26,19,0,0,0,0),(846,2,0,1,2.36824324324320,27,19,1,1,1,1),(847,2,1,1,0.00000000000000,19,24,0,0,0,0),(848,3,0,1,1.26221498371340,20,24,1,0,0,0),(849,3,1,1,1.76914539400670,21,24,1,1,1,1),(850,1,2,1,0.00000000000000,22,24,0,0,0,0),(851,1,1,1,0.00000000000000,23,24,0,0,0,0),(852,2,1,1,0.00000000000000,24,24,0,0,0,0),(853,1,2,1,0.00000000000000,25,24,0,0,0,0),(854,2,0,1,0.00000000000000,26,24,0,0,0,0),(855,2,1,1,1.60810810810810,27,24,1,0,0,0),(856,3,0,1,0.00000000000000,19,8,0,0,0,0),(857,3,0,1,1.26221498371340,20,8,1,0,0,0),(858,3,0,1,1.21975582685900,21,8,1,0,0,0),(859,0,0,1,1.47368421052630,22,8,1,1,0,0),(860,0,0,1,0.00000000000000,23,8,0,0,0,0),(861,0,0,1,2.76842105263160,24,8,1,1,1,1),(862,0,0,1,0.00000000000000,25,8,0,0,0,0),(863,0,0,1,0.00000000000000,26,8,0,0,0,0),(864,0,0,1,0.00000000000000,27,8,0,0,0,0),(865,2,0,1,0.00000000000000,19,3,0,0,0,0),(866,3,1,1,1.37459283387620,20,3,1,1,0,0),(867,2,1,1,1.21975582685900,21,3,1,0,0,0),(868,2,2,1,1.47368421052630,22,3,1,1,0,0),(869,1,1,1,0.00000000000000,23,3,0,0,0,0),(870,0,2,1,0.00000000000000,24,3,0,0,0,0),(871,1,2,1,0.00000000000000,25,3,0,0,0,0),(872,2,1,1,0.00000000000000,26,3,0,0,0,0),(873,1,0,1,1.60810810810810,27,3,1,0,0,0),(874,1,0,1,0.00000000000000,28,19,0,0,0,0),(875,0,4,1,0.00000000000000,29,19,0,0,0,0),(876,1,0,1,0.00000000000000,30,19,0,0,0,0),(877,1,2,1,1.60000000000000,31,19,1,0,0,0),(878,2,2,1,0.00000000000000,32,19,0,0,0,0),(879,0,0,1,0.00000000000000,33,19,0,0,0,0),(880,0,1,1,0.00000000000000,34,19,0,0,0,0),(881,1,2,1,0.00000000000000,35,19,0,0,0,0),(882,2,3,1,0.00000000000000,36,19,0,0,0,0),(883,2,0,1,0.00000000000000,28,25,0,0,0,0),(884,0,2,1,0.00000000000000,29,25,0,0,0,0),(885,2,0,1,0.00000000000000,30,25,0,0,0,0),(886,1,1,1,0.00000000000000,31,25,0,0,0,0),(887,2,1,1,1.82894736842110,32,25,1,0,0,0),(888,2,1,1,1.42993630573250,33,25,1,0,0,0),(889,1,1,1,0.00000000000000,34,25,0,0,0,0),(890,1,2,1,0.00000000000000,35,25,0,0,0,0),(891,1,1,1,1.81818181818180,36,25,1,1,0,0),(892,1,1,1,1.81818181818180,28,15,1,1,0,0),(893,0,3,1,0.00000000000000,29,15,0,0,0,0),(894,2,1,1,0.00000000000000,30,15,0,0,0,0),(895,1,1,1,0.00000000000000,31,15,0,0,0,0),(896,1,1,1,0.00000000000000,32,15,0,0,0,0),(897,3,1,1,4.43949044585990,33,15,1,1,0,0),(898,2,4,1,0.00000000000000,34,15,0,0,0,0),(899,2,2,1,0.00000000000000,35,15,0,0,0,0),(900,0,1,1,0.00000000000000,36,15,0,0,0,0),(901,3,0,1,0.00000000000000,28,5,0,0,0,0),(902,2,2,1,2.12500000000000,29,5,1,1,0,0),(903,1,2,1,0.00000000000000,30,5,0,0,0,0),(904,1,1,1,0.00000000000000,31,5,0,0,0,0),(905,2,0,1,3.48684210526320,32,5,1,1,1,1),(906,0,3,1,0.00000000000000,33,5,0,0,0,0),(907,1,1,1,0.00000000000000,34,5,0,0,0,0),(908,3,2,1,2.13855421686750,35,5,1,0,1,0),(909,1,0,1,0.00000000000000,36,5,0,0,0,0),(910,1,1,1,1.81818181818180,28,13,1,1,0,0),(911,0,2,1,0.00000000000000,29,13,0,0,0,0),(912,3,1,1,0.00000000000000,30,13,0,0,0,0),(913,0,0,1,0.00000000000000,31,13,0,0,0,0),(914,0,2,1,0.00000000000000,32,13,0,0,0,0),(915,2,1,1,1.42993630573250,33,13,1,0,0,0),(916,2,2,1,0.00000000000000,34,13,0,0,0,0),(917,0,1,1,0.00000000000000,35,13,0,0,0,0),(918,1,1,1,1.81818181818180,36,13,1,1,0,0),(919,1,2,1,0.00000000000000,28,1,0,0,0,0),(920,3,1,1,1.31762193795840,37,23,1,0,1,0),(921,2,2,1,3.28813559322030,38,23,1,1,1,1),(922,0,2,1,0.00000000000000,36,8,0,0,0,0),(923,2,1,1,0.00000000000000,28,14,0,0,0,0),(924,1,1,1,2.68750000000000,29,14,1,1,0,0),(925,2,0,1,0.00000000000000,30,14,0,0,0,0),(926,1,3,1,2.20000000000000,31,14,1,1,0,0),(927,2,1,1,1.82894736842110,32,14,1,0,0,0),(928,2,3,1,0.00000000000000,33,14,0,0,0,0),(929,1,1,1,0.00000000000000,34,14,0,0,0,0),(930,2,0,1,3.27710843373490,35,14,1,0,0,0),(931,2,1,1,0.00000000000000,36,14,0,0,0,0),(932,2,0,1,0.00000000000000,28,8,0,0,0,0),(933,0,2,1,0.00000000000000,29,8,0,0,0,0),(934,2,0,1,0.00000000000000,30,8,0,0,0,0),(935,2,0,1,0.00000000000000,31,8,0,0,0,0),(936,0,2,1,0.00000000000000,32,8,0,0,0,0),(937,2,0,1,2.14649681528660,33,8,1,1,0,0),(938,0,2,1,0.00000000000000,34,8,0,0,0,0),(939,2,0,1,3.27710843373490,35,8,1,0,0,0),(940,1,3,1,0.00000000000000,29,1,0,0,0,0),(941,2,1,1,0.00000000000000,30,1,0,0,0,0),(942,1,3,1,2.20000000000000,31,1,1,1,0,0),(943,1,2,1,0.00000000000000,32,1,0,0,0,0),(944,2,2,1,0.00000000000000,33,1,0,0,0,0),(945,1,3,1,0.00000000000000,34,1,0,0,0,0),(946,2,3,1,0.00000000000000,35,1,0,0,0,0),(947,1,2,1,0.00000000000000,36,1,0,0,0,0),(948,2,1,1,0.00000000000000,28,18,0,0,0,0),(949,0,3,1,0.00000000000000,29,18,0,0,0,0),(950,2,1,1,0.00000000000000,30,18,0,0,0,0),(951,1,0,1,0.00000000000000,31,18,0,0,0,0),(952,0,2,1,0.00000000000000,32,18,0,0,0,0),(953,1,0,1,1.34394904458600,33,18,1,0,0,0),(954,1,2,1,0.00000000000000,34,18,0,0,0,0),(955,1,3,1,0.00000000000000,35,18,0,0,0,0),(956,1,2,1,0.00000000000000,36,18,0,0,0,0),(957,1,1,1,0.00000000000000,37,5,0,0,0,0),(958,3,2,1,0.00000000000000,38,5,0,0,0,0),(959,1,0,1,0.00000000000000,39,5,0,0,0,0),(960,0,3,1,0.00000000000000,40,5,0,0,0,0),(961,2,2,1,0.00000000000000,41,5,0,0,0,0),(962,3,0,1,1.22039745396240,42,5,1,0,0,0),(963,2,1,1,0.00000000000000,43,5,0,0,0,0),(964,4,1,1,1.17461197339250,44,5,1,0,0,0),(965,2,1,1,7.00000000000000,45,5,1,1,0,0),(966,2,2,1,1.27272727272730,46,5,1,1,0,0),(967,1,0,1,0.00000000000000,47,5,0,0,0,0),(968,1,0,1,2.71428571428570,48,5,1,1,1,1),(969,2,2,1,0.00000000000000,49,5,0,0,0,0),(970,0,2,1,0.00000000000000,50,5,0,0,0,0),(971,2,1,1,0.00000000000000,51,5,0,0,0,0),(972,2,1,1,2.09215328467150,52,5,1,1,1,1),(973,1,1,1,0.00000000000000,53,5,0,0,0,0),(974,1,0,1,0.00000000000000,54,5,0,0,0,0),(975,3,1,1,1.42775161859920,56,2,1,0,1,0),(976,1,1,1,1.81818181818180,28,22,1,1,0,0),(977,0,2,1,0.00000000000000,29,22,0,0,0,0),(978,1,0,1,0.00000000000000,30,22,0,0,0,0),(979,1,1,1,0.00000000000000,31,22,0,0,0,0),(980,1,1,1,0.00000000000000,32,22,0,0,0,0),(981,2,1,1,1.42993630573250,33,22,1,0,0,0),(982,1,2,1,0.00000000000000,34,22,0,0,0,0),(983,1,1,1,0.00000000000000,35,22,0,0,0,0),(984,1,2,1,0.00000000000000,36,22,0,0,0,0),(985,2,1,1,0.00000000000000,39,23,0,0,0,0),(986,2,1,1,0.00000000000000,40,23,0,0,0,0),(987,1,1,1,0.00000000000000,41,23,0,0,0,0),(988,2,1,1,1.46834458967010,42,23,1,1,0,0),(989,3,1,1,0.00000000000000,43,23,0,0,0,0),(990,2,1,1,1.62860310421290,44,23,1,1,0,0),(991,1,2,1,0.00000000000000,45,23,0,0,0,0),(992,4,0,1,2.27048775183380,37,4,1,1,1,1),(993,0,0,1,1.38135593220340,38,4,1,1,0,0),(994,1,0,1,0.00000000000000,39,4,0,0,0,0),(995,2,1,1,0.00000000000000,40,4,0,0,0,0),(996,1,0,1,3.54716981132080,41,4,1,1,1,1),(997,2,0,1,1.26762547981150,42,4,1,0,0,0),(998,4,0,1,0.00000000000000,43,4,0,0,0,0),(999,2,0,1,1.26191796008870,44,4,1,0,0,0),(1000,0,2,1,0.00000000000000,45,4,0,0,0,0),(1001,1,1,1,1.81818181818180,28,6,1,1,0,0),(1002,1,0,1,0.00000000000000,28,9,0,0,0,0),(1003,0,2,1,0.00000000000000,28,10,0,0,0,0),(1004,1,0,1,0.00000000000000,29,10,0,0,0,0),(1005,3,1,1,0.00000000000000,30,10,0,0,0,0),(1006,2,0,1,0.00000000000000,31,10,0,0,0,0),(1007,2,1,1,1.82894736842110,32,10,1,0,0,0),(1008,1,2,1,0.00000000000000,33,10,0,0,0,0),(1009,0,2,1,0.00000000000000,34,10,0,0,0,0),(1010,1,0,1,1.65060240963860,35,10,1,0,0,0),(1011,1,2,1,0.00000000000000,36,10,0,0,0,0),(1012,2,1,1,0.00000000000000,29,9,0,0,0,0),(1013,0,1,1,0.00000000000000,30,9,0,0,0,0),(1014,1,1,1,0.00000000000000,31,9,0,0,0,0),(1015,1,2,1,0.00000000000000,32,9,0,0,0,0),(1016,1,2,1,0.00000000000000,33,9,0,0,0,0),(1017,1,1,1,0.00000000000000,34,9,0,0,0,0),(1018,1,3,1,0.00000000000000,35,9,0,0,0,0),(1019,0,2,1,0.00000000000000,36,9,0,0,0,0),(1020,2,1,1,0.00000000000000,28,11,0,0,0,0),(1021,2,2,1,5.90909090909090,28,20,1,1,1,1),(1022,2,1,1,0.00000000000000,28,21,0,0,0,0),(1023,1,5,1,0.00000000000000,29,21,0,0,0,0),(1024,2,0,1,0.00000000000000,30,21,0,0,0,0),(1025,1,3,1,2.20000000000000,31,21,1,1,0,0),(1026,2,1,1,1.82894736842110,32,21,1,0,0,0),(1027,2,0,1,2.14649681528660,33,21,1,1,0,0),(1028,1,3,1,0.00000000000000,34,21,0,0,0,0),(1029,2,4,1,0.00000000000000,35,21,0,0,0,0),(1030,1,1,1,1.81818181818180,36,21,1,1,0,0),(1031,2,1,1,0.00000000000000,28,24,0,0,0,0),(1032,0,3,1,0.00000000000000,29,24,0,0,0,0),(1033,3,1,1,0.00000000000000,30,24,0,0,0,0),(1034,1,2,1,1.60000000000000,31,24,1,0,0,0),(1035,1,1,1,0.00000000000000,32,24,0,0,0,0),(1036,2,1,1,1.42993630573250,33,24,1,0,0,0),(1037,1,2,1,0.00000000000000,34,24,0,0,0,0),(1038,1,1,1,0.00000000000000,35,24,0,0,0,0),(1039,1,2,1,0.00000000000000,36,24,0,0,0,0),(1040,1,2,1,0.00000000000000,34,20,0,0,0,0),(1041,1,2,1,0.00000000000000,29,20,0,0,0,0),(1042,1,2,1,0.00000000000000,28,16,0,0,0,0),(1043,2,0,1,0.00000000000000,30,20,0,0,0,0),(1044,2,2,1,0.00000000000000,31,20,0,0,0,0),(1045,0,0,1,0.00000000000000,32,20,0,0,0,0),(1046,1,2,1,0.00000000000000,33,20,0,0,0,0),(1047,1,1,1,2.68750000000000,29,6,1,1,0,0),(1048,2,0,1,0.00000000000000,30,6,0,0,0,0),(1049,1,3,1,2.20000000000000,31,6,1,1,0,0),(1050,0,0,1,0.00000000000000,32,6,0,0,0,0),(1051,2,2,1,0.00000000000000,33,6,0,0,0,0),(1052,1,3,1,0.00000000000000,34,6,0,0,0,0),(1053,1,1,1,2.68750000000000,29,16,1,1,0,0),(1054,3,1,1,0.00000000000000,30,16,0,0,0,0),(1055,1,1,1,0.00000000000000,31,16,0,0,0,0),(1056,1,2,1,0.00000000000000,32,16,0,0,0,0),(1057,1,1,1,0.00000000000000,33,16,0,0,0,0),(1058,1,2,1,0.00000000000000,34,16,0,0,0,0),(1059,1,1,1,0.00000000000000,35,16,0,0,0,0),(1060,1,1,1,1.81818181818180,36,16,1,1,0,0),(1061,0,3,1,0.00000000000000,29,11,0,0,0,0),(1062,2,1,1,0.00000000000000,30,11,0,0,0,0),(1063,1,0,1,0.00000000000000,31,11,0,0,0,0),(1064,1,2,1,0.00000000000000,32,11,0,0,0,0),(1065,2,2,1,0.00000000000000,33,11,0,0,0,0),(1066,2,3,1,0.00000000000000,34,11,0,0,0,0),(1067,1,3,1,0.00000000000000,35,11,0,0,0,0),(1068,0,2,1,0.00000000000000,36,11,0,0,0,0),(1069,1,0,1,0.00000000000000,28,17,0,0,0,0),(1070,2,0,1,0.00000000000000,30,17,0,0,0,0),(1071,1,2,1,0.00000000000000,33,17,0,0,0,0),(1072,1,1,1,0.00000000000000,31,17,0,0,0,0),(1073,2,2,1,2.12500000000000,29,17,1,1,0,0),(1074,0,3,1,0.00000000000000,32,17,0,0,0,0),(1075,1,4,1,0.00000000000000,34,17,0,0,0,0),(1076,0,2,1,0.00000000000000,35,17,0,0,0,0),(1077,0,0,1,5.90909090909090,36,17,1,1,1,1),(1078,2,1,1,1.75903614457830,35,6,1,0,0,0),(1079,1,1,1,1.81818181818180,36,6,1,1,0,0),(1080,1,2,1,0.00000000000000,35,20,0,0,0,0),(1081,1,2,1,0.00000000000000,36,20,0,0,0,0),(1082,3,0,1,1.54449475078590,37,6,1,0,0,0),(1083,4,2,1,0.00000000000000,43,6,0,0,0,0),(1084,0,0,1,0.00000000000000,37,14,0,0,0,0),(1085,1,2,1,0.00000000000000,38,14,0,0,0,0),(1086,0,2,1,6.00000000000000,39,14,1,0,0,0),(1087,1,2,1,0.00000000000000,40,14,0,0,0,0),(1088,0,1,1,0.00000000000000,41,14,0,0,0,0),(1089,1,2,1,0.00000000000000,42,14,0,0,0,0),(1090,3,1,1,0.00000000000000,43,14,0,0,0,0),(1091,1,2,1,0.00000000000000,44,14,0,0,0,0),(1092,1,3,1,0.00000000000000,45,14,0,0,0,0),(1093,5,0,1,1.54449475078590,37,8,1,0,0,0),(1094,0,0,1,1.38135593220340,38,8,1,1,0,0),(1095,1,1,1,0.00000000000000,39,8,0,0,0,0),(1096,1,1,1,4.37500000000000,40,8,1,1,0,0),(1097,0,1,1,0.00000000000000,41,8,0,0,0,0),(1098,2,0,1,1.26762547981150,42,8,1,0,0,0),(1099,2,0,1,0.00000000000000,43,8,0,0,0,0),(1100,3,1,1,1.19643847006650,44,8,1,0,0,0),(1101,0,2,1,0.00000000000000,45,8,0,0,0,0),(1102,1,1,1,0.00000000000000,55,2,0,0,0,0),(1103,2,1,1,2.00609756097560,57,2,1,1,1,1),(1104,1,2,1,0.00000000000000,58,2,0,0,0,0),(1105,2,2,1,0.00000000000000,59,2,0,0,0,0),(1106,1,1,1,1.88392857142860,60,2,1,1,1,1),(1107,1,2,1,0.00000000000000,61,2,0,0,0,0),(1108,3,1,1,1.45253827558420,62,2,1,0,0,0),(1109,2,1,1,0.00000000000000,63,2,0,0,0,0),(1110,4,1,1,1.58300900519470,64,2,1,0,0,0),(1111,1,3,1,0.00000000000000,65,2,0,0,0,0),(1112,2,1,1,0.00000000000000,66,2,0,0,0,0),(1113,1,2,1,0.00000000000000,67,2,0,0,0,0),(1114,1,1,1,0.00000000000000,68,2,0,0,0,0),(1115,1,3,1,0.00000000000000,69,2,0,0,0,0),(1116,2,0,1,1.36000000000000,70,2,1,0,0,0),(1117,0,2,1,0.00000000000000,71,2,0,0,0,0),(1118,1,0,1,1.41860465116280,72,2,1,0,0,0),(1119,2,1,1,1.22420372091180,37,18,1,0,0,0),(1120,1,2,1,0.00000000000000,38,18,0,0,0,0),(1121,1,1,1,0.00000000000000,39,18,0,0,0,0),(1122,2,0,1,0.00000000000000,40,18,0,0,0,0),(1123,1,1,1,0.00000000000000,41,18,0,0,0,0),(1124,2,1,1,1.46834458967010,42,18,1,1,0,0),(1125,1,0,1,0.00000000000000,43,18,0,0,0,0),(1126,1,0,1,4.14301552106430,44,18,1,1,1,1),(1127,1,1,1,0.00000000000000,45,18,0,0,0,0),(1128,3,0,1,1.54449475078590,37,12,1,0,0,0),(1129,2,1,1,0.00000000000000,38,12,0,0,0,0),(1130,1,2,1,2.00000000000000,39,12,1,0,1,0),(1131,2,0,1,0.00000000000000,40,12,0,0,0,0),(1132,2,1,1,2.01886792452830,41,12,1,1,0,0),(1133,2,1,1,1.46834458967010,42,12,1,1,0,0),(1134,2,0,1,0.00000000000000,43,12,0,0,0,0),(1135,2,1,1,1.62860310421290,44,12,1,1,0,0),(1136,1,2,1,0.00000000000000,45,12,0,0,0,0),(1137,1,4,1,0.00000000000000,100,2,0,0,0,0),(1138,2,1,1,0.00000000000000,101,2,0,0,0,0),(1139,1,3,1,2.84841075794620,102,2,1,1,0,0),(1140,1,1,1,0.00000000000000,103,2,0,0,0,0),(1141,2,1,1,1.43373493975900,104,2,1,0,0,0),(1142,1,3,1,0.00000000000000,105,2,0,0,0,0),(1143,1,3,1,1.38861824623560,106,2,1,0,0,0),(1144,1,4,1,0.00000000000000,107,2,0,0,0,0),(1145,1,2,1,2.12500000000000,108,2,1,1,0,0),(1146,1,4,1,0.00000000000000,109,2,0,0,0,0),(1147,0,2,1,2.21935483870970,110,2,1,0,0,0),(1148,3,1,1,2.63388804841150,111,2,1,1,1,1),(1149,1,2,1,1.47619047619050,112,2,1,0,0,0),(1150,2,2,1,0.00000000000000,113,2,0,0,0,0),(1151,2,1,1,1.36443437632730,114,2,1,0,0,0),(1152,2,0,1,1.35029940119760,115,2,1,0,0,0),(1153,2,2,1,0.00000000000000,37,9,0,0,0,0),(1154,0,2,1,0.00000000000000,38,9,0,0,0,0),(1155,1,1,1,0.00000000000000,39,9,0,0,0,0),(1156,2,1,1,0.00000000000000,40,9,0,0,0,0),(1157,0,1,1,0.00000000000000,41,9,0,0,0,0),(1158,1,2,1,0.00000000000000,42,9,0,0,0,0),(1159,2,0,1,0.00000000000000,43,9,0,0,0,0),(1160,1,1,1,0.00000000000000,44,9,0,0,0,0),(1161,2,3,1,0.00000000000000,45,9,0,0,0,0),(1162,0,2,1,0.00000000000000,100,23,0,0,0,0),(1163,2,1,1,0.00000000000000,101,23,0,0,0,0),(1164,1,2,1,1.61613691931540,102,23,1,0,0,0),(1165,2,1,1,2.56521739130430,103,23,1,1,0,0),(1166,2,2,1,0.00000000000000,104,23,0,0,0,0),(1167,1,2,1,0.00000000000000,105,23,0,0,0,0),(1168,1,3,1,1.38861824623560,106,23,1,0,0,0),(1169,1,2,1,0.00000000000000,107,23,0,0,0,0),(1170,1,1,1,0.00000000000000,108,23,0,0,0,0),(1171,1,3,1,0.00000000000000,109,23,0,0,0,0),(1172,2,1,1,0.00000000000000,110,23,0,0,0,0),(1173,1,2,1,0.00000000000000,111,23,0,0,0,0),(1174,0,2,1,2.42857142857140,112,23,1,1,0,0),(1175,1,3,1,1.64948453608250,113,23,1,0,0,0),(1176,2,0,1,1.39756477417530,114,23,1,0,0,0),(1177,3,0,1,1.52544910179640,115,23,1,0,0,0),(1178,3,1,1,1.31762193795840,37,3,1,0,1,0),(1179,1,1,1,1.45762711864410,38,3,1,1,0,0),(1180,2,1,1,0.00000000000000,39,3,0,0,0,0),(1181,2,0,1,0.00000000000000,40,3,0,0,0,0),(1182,2,2,1,0.00000000000000,41,3,0,0,0,0),(1183,2,2,1,0.00000000000000,42,3,0,0,0,0),(1184,3,1,1,0.00000000000000,43,3,0,0,0,0),(1185,2,0,1,1.26191796008870,44,3,1,0,0,0),(1186,1,1,1,0.00000000000000,45,3,0,0,0,0),(1187,2,1,1,1.22420372091180,37,1,1,0,0,0),(1188,1,2,1,0.00000000000000,38,1,0,0,0,0),(1189,1,0,1,0.00000000000000,39,1,0,0,0,0),(1190,3,1,1,0.00000000000000,40,1,0,0,0,0),(1191,1,1,1,0.00000000000000,41,1,0,0,0,0),(1192,3,2,1,1.41630630192900,42,1,1,1,0,0),(1193,2,0,1,0.00000000000000,43,1,0,0,0,0),(1194,3,2,1,1.44900221729490,44,1,1,1,0,0),(1195,1,2,1,0.00000000000000,45,1,0,0,0,0),(1196,4,0,1,2.27048775183380,37,13,1,1,1,1),(1197,1,1,1,1.45762711864410,38,13,1,1,0,0),(1198,1,2,1,2.00000000000000,39,13,1,0,1,0),(1199,0,0,1,3.25000000000000,40,13,1,1,0,0),(1200,3,2,1,1.84905660377360,41,13,1,1,0,0),(1201,1,0,1,2.87337835868030,42,13,1,1,1,1),(1202,3,1,1,0.00000000000000,43,13,0,0,0,0),(1203,1,1,1,0.00000000000000,44,13,0,0,0,0),(1204,0,0,1,0.00000000000000,45,13,0,0,0,0),(1205,3,0,1,1.54449475078590,37,17,1,0,0,0),(1206,1,2,1,0.00000000000000,38,17,0,0,0,0),(1207,0,0,1,0.00000000000000,39,17,0,0,0,0),(1208,2,0,1,0.00000000000000,40,17,0,0,0,0),(1209,1,1,1,0.00000000000000,41,17,0,0,0,0),(1210,3,1,1,1.23417229483500,42,17,1,0,0,0),(1211,1,0,1,0.00000000000000,43,17,0,0,0,0),(1212,0,1,1,0.00000000000000,44,17,0,0,0,0),(1213,2,2,1,0.00000000000000,45,17,0,0,0,0),(1214,1,1,1,1.54545454545450,46,17,1,1,0,0),(1215,2,1,1,0.00000000000000,47,17,0,0,0,0),(1216,0,3,1,0.00000000000000,48,17,0,0,0,0),(1217,0,2,1,1.42452830188680,49,17,1,0,0,0),(1218,1,3,1,0.00000000000000,50,17,0,0,0,0),(1219,0,1,1,0.00000000000000,51,17,0,0,0,0),(1220,0,0,1,0.00000000000000,52,17,0,0,0,0),(1221,2,0,1,1.62608695652170,53,17,1,0,0,0),(1222,2,1,1,0.00000000000000,54,17,0,0,0,0),(1223,1,3,1,0.00000000000000,100,17,0,0,0,0),(1224,0,2,1,0.00000000000000,101,17,0,0,0,0),(1225,2,1,1,0.00000000000000,102,17,0,0,0,0),(1226,1,3,1,0.00000000000000,103,17,0,0,0,0),(1227,1,2,1,0.00000000000000,104,17,0,0,0,0),(1228,0,2,1,0.00000000000000,105,17,0,0,0,0),(1229,1,3,1,1.38861824623560,106,17,1,0,0,0),(1230,1,0,1,3.45454545454550,107,17,1,1,0,0),(1231,0,2,1,1.56250000000000,108,17,1,0,0,0),(1232,0,4,1,0.00000000000000,109,17,0,0,0,0),(1233,3,2,1,0.00000000000000,110,17,0,0,0,0),(1234,1,0,1,1.49016641452340,111,17,1,0,0,0),(1235,2,1,1,0.00000000000000,112,17,0,0,0,0),(1236,1,0,1,0.00000000000000,113,17,0,0,0,0),(1237,4,0,1,1.54665156449100,114,17,1,0,0,0),(1238,2,1,1,1.26272455089820,115,17,1,0,0,0),(1239,0,0,1,0.00000000000000,41,21,0,0,0,0),(1240,2,1,1,1.46834458967010,42,21,1,1,0,0),(1241,3,1,1,1.19643847006650,44,21,1,0,0,0),(1242,1,3,1,0.00000000000000,45,21,0,0,0,0),(1243,1,1,1,0.00000000000000,39,21,0,0,0,0),(1244,2,1,1,0.00000000000000,40,21,0,0,0,0),(1245,2,0,1,1.25409755036680,37,21,1,0,0,0),(1246,1,1,1,1.45762711864410,38,21,1,1,0,0),(1247,2,0,1,0.00000000000000,43,21,0,0,0,0),(1248,1,1,1,1.45762711864410,38,6,1,1,0,0),(1249,3,2,1,0.00000000000000,39,6,0,0,0,0),(1250,4,1,1,0.00000000000000,40,6,0,0,0,0),(1251,0,1,1,0.00000000000000,41,6,0,0,0,0),(1252,2,0,1,1.26762547981150,42,6,1,0,0,0),(1253,4,1,1,1.17461197339250,44,6,1,0,0,0),(1254,1,1,1,0.00000000000000,45,6,0,0,0,0),(1255,4,0,1,2.27048775183380,37,22,1,1,1,1),(1256,1,1,1,1.45762711864410,38,22,1,1,0,0),(1257,1,0,1,0.00000000000000,39,22,0,0,0,0),(1258,2,1,1,0.00000000000000,40,22,0,0,0,0),(1259,2,1,1,2.01886792452830,41,22,1,1,0,0),(1260,1,1,1,0.00000000000000,42,22,0,0,0,0),(1261,2,1,1,0.00000000000000,43,22,0,0,0,0),(1262,3,2,1,1.44900221729490,44,22,1,1,0,0),(1263,1,1,1,0.00000000000000,45,22,0,0,0,0),(1264,3,1,1,1.31762193795840,37,11,1,0,1,0),(1265,1,1,1,1.45762711864410,38,11,1,1,0,0),(1266,4,1,1,0.00000000000000,39,11,0,0,0,0),(1267,3,1,1,0.00000000000000,40,11,0,0,0,0),(1268,0,1,1,0.00000000000000,41,11,0,0,0,0),(1269,1,0,1,2.87337835868030,42,11,1,1,1,1),(1270,2,0,1,0.00000000000000,43,11,0,0,0,0),(1271,1,2,1,0.00000000000000,44,11,0,0,0,0),(1272,2,3,1,0.00000000000000,45,11,0,0,0,0),(1273,1,3,1,0.00000000000000,100,26,0,0,0,0),(1274,1,2,1,0.00000000000000,101,26,0,0,0,0),(1275,0,2,1,4.69682151589240,102,26,1,1,1,1),(1276,1,0,1,5.69565217391300,103,26,1,1,1,1),(1277,2,3,1,0.00000000000000,104,26,0,0,0,0),(1278,1,3,1,0.00000000000000,105,26,0,0,0,0),(1279,2,4,1,1.32883082373780,106,26,1,0,0,0),(1280,0,1,1,0.00000000000000,107,26,0,0,0,0),(1281,0,2,1,1.56250000000000,108,26,1,0,0,0),(1282,1,3,1,0.00000000000000,109,26,0,0,0,0),(1283,0,1,1,1.40645161290320,110,26,1,0,0,0),(1284,2,0,1,1.61270801815430,111,26,1,1,0,0),(1285,1,3,1,3.14285714285710,112,26,1,1,1,1),(1286,1,2,1,4.89690721649480,113,26,1,1,1,1),(1287,2,0,1,1.39756477417530,114,26,1,0,0,0),(1288,4,1,1,2.05089820359280,115,26,1,0,0,0),(1289,2,0,1,1.25409755036680,37,24,1,0,0,0),(1290,1,1,1,1.45762711864410,38,24,1,1,0,0),(1291,1,2,1,2.00000000000000,39,24,1,0,1,0),(1292,3,1,1,0.00000000000000,40,24,0,0,0,0),(1293,2,1,1,2.01886792452830,41,24,1,1,0,0),(1294,2,0,1,1.26762547981150,42,24,1,0,0,0),(1295,3,1,1,0.00000000000000,43,24,0,0,0,0),(1296,2,0,1,1.26191796008870,44,24,1,0,0,0),(1297,1,1,1,0.00000000000000,45,24,0,0,0,0),(1298,1,1,1,1.54545454545450,46,24,1,1,0,0),(1299,0,2,1,1.71938234848870,47,24,1,1,1,1),(1300,0,1,1,0.00000000000000,48,24,0,0,0,0),(1301,1,2,1,1.91981132075470,49,24,1,1,1,1),(1302,2,1,1,3.00000000000000,50,24,1,1,1,1),(1303,1,2,1,0.00000000000000,51,24,0,0,0,0),(1304,1,0,1,1.62408759124090,52,24,1,1,0,0),(1305,0,0,1,0.00000000000000,53,24,0,0,0,0),(1306,1,0,1,0.00000000000000,54,24,0,0,0,0),(1307,1,3,1,0.00000000000000,100,14,0,0,0,0),(1308,0,2,1,0.00000000000000,101,14,0,0,0,0),(1309,2,1,1,0.00000000000000,102,14,0,0,0,0),(1310,0,3,1,0.00000000000000,103,14,0,0,0,0),(1311,2,1,1,1.43373493975900,104,14,1,0,0,0),(1312,1,0,1,0.00000000000000,105,14,0,0,0,0),(1313,1,3,1,1.38861824623560,106,14,1,0,0,0),(1314,1,2,1,0.00000000000000,107,14,0,0,0,0),(1315,3,1,1,1.31762193795840,37,16,1,0,1,0),(1316,2,2,1,3.28813559322030,38,16,1,1,1,1),(1317,1,1,1,0.00000000000000,39,16,0,0,0,0),(1318,2,1,1,0.00000000000000,40,16,0,0,0,0),(1319,0,0,1,0.00000000000000,41,16,0,0,0,0),(1320,2,0,1,1.26762547981150,42,16,1,0,0,0),(1321,3,1,1,0.00000000000000,43,16,0,0,0,0),(1322,3,1,1,1.19643847006650,44,16,1,0,0,0),(1323,1,1,1,0.00000000000000,45,16,0,0,0,0),(1324,2,2,1,0.00000000000000,41,19,0,0,0,0),(1325,3,1,1,1.23417229483500,42,19,1,0,0,0),(1326,3,0,1,0.00000000000000,43,19,0,0,0,0),(1327,2,0,1,1.26191796008870,44,19,1,0,0,0),(1328,1,1,1,0.00000000000000,45,19,0,0,0,0),(1329,1,3,1,0.00000000000000,41,10,0,0,0,0),(1330,0,2,1,0.00000000000000,42,10,0,0,0,0),(1331,0,1,1,0.00000000000000,43,10,0,0,0,0),(1332,0,1,1,0.00000000000000,44,10,0,0,0,0),(1333,2,0,1,4.00000000000000,45,10,1,0,0,0),(1334,1,0,1,3.54716981132080,41,20,1,1,1,1),(1335,2,1,1,1.46834458967010,42,20,1,1,0,0),(1336,3,0,1,0.00000000000000,43,20,0,0,0,0),(1337,2,0,1,1.26191796008870,44,20,1,0,0,0),(1338,1,2,1,0.00000000000000,45,20,0,0,0,0),(1339,1,1,1,0.00000000000000,41,15,0,0,0,0),(1340,2,1,1,1.46834458967010,42,15,1,1,0,0),(1341,2,0,1,0.00000000000000,43,15,0,0,0,0),(1342,3,1,1,1.19643847006650,44,15,1,0,0,0),(1343,1,2,1,0.00000000000000,45,15,0,0,0,0),(1344,2,2,1,1.27272727272730,46,15,1,1,0,0),(1345,0,2,1,1.71938234848870,47,15,1,1,1,1),(1346,1,1,1,0.00000000000000,48,15,0,0,0,0),(1347,1,1,1,0.00000000000000,49,15,0,0,0,0),(1348,0,2,1,0.00000000000000,50,15,0,0,0,0),(1349,1,2,1,0.00000000000000,51,15,0,0,0,0),(1350,3,1,1,1.22992700729930,52,15,1,0,0,0),(1351,1,1,1,0.00000000000000,53,15,0,0,0,0),(1352,2,1,1,0.00000000000000,54,15,0,0,0,0),(1353,2,2,1,1.27272727272730,46,16,1,1,0,0),(1354,0,3,1,1.31472977746380,47,16,1,0,0,0),(1355,1,2,1,0.00000000000000,48,16,0,0,0,0),(1356,1,2,1,1.91981132075470,49,16,1,1,1,1),(1357,1,1,1,0.00000000000000,50,16,0,0,0,0),(1358,0,3,1,0.00000000000000,51,16,0,0,0,0),(1359,1,1,1,0.00000000000000,52,16,0,0,0,0),(1360,1,1,1,0.00000000000000,53,16,0,0,0,0),(1361,1,1,1,0.00000000000000,54,16,0,0,0,0),(1362,2,2,1,1.27272727272730,46,13,1,1,0,0),(1363,0,4,1,1.27975980219000,47,13,1,0,0,0),(1364,1,2,1,0.00000000000000,48,13,0,0,0,0),(1365,0,1,1,1.55188679245280,49,13,1,1,0,0),(1366,1,2,1,0.00000000000000,50,13,0,0,0,0),(1367,1,3,1,0.00000000000000,51,13,0,0,0,0),(1368,2,0,1,1.22992700729930,52,13,1,0,0,0),(1369,1,1,1,0.00000000000000,53,13,0,0,0,0),(1370,0,0,1,0.00000000000000,54,13,0,0,0,0),(1371,1,2,1,1.68354430379750,73,2,1,1,0,0),(1372,1,2,1,10.00000000000000,74,2,1,1,0,0),(1373,1,1,1,0.00000000000000,75,2,0,0,0,0),(1374,2,1,1,2.05382389868440,76,2,1,1,0,0),(1375,1,0,1,1.36120401337790,77,2,1,0,0,0),(1376,1,1,1,0.00000000000000,78,2,0,0,0,0),(1377,2,2,1,0.00000000000000,79,2,0,0,0,0),(1378,1,2,1,0.00000000000000,80,2,0,0,0,0),(1379,1,3,1,0.00000000000000,81,2,0,0,0,0),(1380,2,1,1,1.47918088737200,82,2,1,1,0,0),(1381,1,1,1,0.00000000000000,83,2,0,0,0,0),(1382,2,1,1,2.32352941176470,84,2,1,1,0,0),(1383,1,2,1,4.37500000000000,86,2,1,1,1,1),(1384,1,3,1,2.42558746736290,87,2,1,0,1,0),(1385,5,2,1,1.43893942326300,85,2,1,0,0,0),(1386,1,1,1,0.00000000000000,88,2,0,0,0,0),(1387,0,1,1,3.54716981132080,89,2,1,1,1,1),(1388,1,2,1,0.00000000000000,90,2,0,0,0,0),(1389,1,2,1,0.00000000000000,46,23,0,0,0,0),(1390,0,4,1,1.27975980219000,47,23,1,0,0,0),(1391,2,1,1,1.85714285714290,48,23,1,1,0,0),(1392,1,1,1,0.00000000000000,49,23,0,0,0,0),(1393,0,2,1,0.00000000000000,50,23,0,0,0,0),(1394,1,2,1,0.00000000000000,51,23,0,0,0,0),(1395,2,0,1,1.22992700729930,52,23,1,0,0,0),(1396,0,1,1,0.00000000000000,53,23,0,0,0,0),(1397,1,2,1,4.37500000000000,54,23,1,1,1,1),(1398,1,1,1,0.00000000000000,91,2,0,0,0,0),(1399,1,4,1,1.37111420382520,92,2,1,0,0,0),(1400,2,1,1,2.87500000000000,93,2,1,0,0,0),(1401,3,1,1,0.00000000000000,94,2,0,0,0,0),(1402,2,0,1,0.00000000000000,95,2,0,0,0,0),(1403,1,2,1,0.00000000000000,96,2,0,0,0,0),(1404,1,0,1,2.68750000000000,97,2,1,0,0,0),(1405,2,1,1,1.27157754603950,98,2,1,0,0,0),(1406,2,1,1,1.66271072151050,99,2,1,1,0,0),(1407,2,1,1,0.00000000000000,46,14,0,0,0,0),(1408,0,2,1,1.71938234848870,47,14,1,1,1,1),(1409,2,1,1,1.85714285714290,48,14,1,1,0,0),(1410,1,1,1,0.00000000000000,49,14,0,0,0,0),(1411,2,3,1,0.00000000000000,50,14,0,0,0,0),(1412,0,1,1,0.00000000000000,51,14,0,0,0,0),(1413,2,0,1,1.22992700729930,52,14,1,0,0,0),(1414,0,1,1,0.00000000000000,53,14,0,0,0,0),(1415,2,1,1,0.00000000000000,54,14,0,0,0,0),(1416,0,0,1,4.81818181818180,46,4,1,1,1,1),(1417,0,3,1,1.31472977746380,47,4,1,0,0,0),(1418,0,1,1,0.00000000000000,48,4,0,0,0,0),(1419,0,0,1,0.00000000000000,49,4,0,0,0,0),(1420,1,3,1,0.00000000000000,50,4,0,0,0,0),(1421,1,1,1,2.28571428571430,51,4,1,1,0,0),(1422,2,0,1,1.22992700729930,52,4,1,0,0,0),(1423,0,1,1,0.00000000000000,53,4,0,0,0,0),(1424,1,1,1,0.00000000000000,54,4,0,0,0,0),(1425,1,1,1,1.54545454545450,46,12,1,1,0,0),(1426,0,2,1,1.71938234848870,47,12,1,1,1,1),(1427,1,1,1,0.00000000000000,48,12,0,0,0,0),(1428,1,1,1,0.00000000000000,49,12,0,0,0,0),(1429,1,1,1,0.00000000000000,50,12,0,0,0,0),(1430,1,2,1,0.00000000000000,51,12,0,0,0,0),(1431,2,1,1,2.09215328467150,52,12,1,1,1,1),(1432,1,1,1,0.00000000000000,53,12,0,0,0,0),(1433,1,1,1,0.00000000000000,54,12,0,0,0,0),(1434,0,1,1,0.00000000000000,46,10,0,0,0,0),(1435,1,0,1,0.00000000000000,47,10,0,0,0,0),(1436,1,0,1,2.71428571428570,48,10,1,1,1,1),(1437,0,1,1,1.55188679245280,49,10,1,1,0,0),(1438,3,1,1,2.00000000000000,50,10,1,0,0,0),(1439,1,0,1,0.00000000000000,51,10,0,0,0,0),(1440,0,1,1,0.00000000000000,52,10,0,0,0,0),(1441,1,1,1,0.00000000000000,53,10,0,0,0,0),(1442,1,0,1,0.00000000000000,54,10,0,0,0,0),(1443,1,1,1,1.54545454545450,46,8,1,1,0,0),(1444,0,2,1,1.71938234848870,47,8,1,1,1,1),(1445,2,0,1,1.64285714285710,48,8,1,0,0,0),(1446,0,1,1,1.55188679245280,49,8,1,1,0,0),(1447,2,0,1,2.00000000000000,50,8,1,0,0,0),(1448,0,0,1,6.14285714285710,51,8,1,1,1,1),(1449,3,1,1,1.22992700729930,52,8,1,0,0,0),(1450,2,0,1,1.62608695652170,53,8,1,0,0,0),(1451,0,2,1,3.25000000000000,54,8,1,0,0,0),(1452,2,2,1,1.27272727272730,46,1,1,1,0,0),(1453,1,1,1,0.00000000000000,47,1,0,0,0,0),(1454,1,2,1,0.00000000000000,48,1,0,0,0,0),(1455,1,2,1,1.91981132075470,49,1,1,1,1,1),(1456,1,2,1,0.00000000000000,50,1,0,0,0,0),(1457,2,3,1,0.00000000000000,51,1,0,0,0,0),(1458,2,1,1,2.09215328467150,52,1,1,1,1,1),(1459,1,0,1,3.19130434782610,53,1,1,1,1,1),(1460,1,1,1,0.00000000000000,54,1,0,0,0,0),(1461,2,1,1,0.00000000000000,46,18,0,0,0,0),(1462,0,3,1,1.31472977746380,47,18,1,0,0,0),(1463,2,1,1,1.85714285714290,48,18,1,1,0,0),(1464,2,1,1,0.00000000000000,49,18,0,0,0,0),(1465,1,2,1,0.00000000000000,50,18,0,0,0,0),(1466,1,1,1,2.28571428571430,51,18,1,1,0,0),(1467,1,0,1,1.62408759124090,52,18,1,1,0,0),(1468,1,2,1,0.00000000000000,53,18,0,0,0,0),(1469,1,1,1,0.00000000000000,54,18,0,0,0,0),(1470,1,3,1,0.00000000000000,100,18,0,0,0,0),(1471,0,2,1,0.00000000000000,101,18,0,0,0,0),(1472,2,1,1,0.00000000000000,102,18,0,0,0,0),(1473,1,2,1,0.00000000000000,103,18,0,0,0,0),(1474,2,0,1,2.59036144578310,104,18,1,1,1,1),(1475,0,1,1,0.00000000000000,105,18,0,0,0,0),(1476,1,2,1,1.28498671390610,106,18,1,0,1,0),(1477,0,2,1,0.00000000000000,107,18,0,0,0,0),(1478,2,2,1,1.27272727272730,46,6,1,1,0,0),(1479,3,2,1,0.00000000000000,46,20,0,0,0,0),(1480,2,2,1,1.27272727272730,46,22,1,1,0,0),(1481,2,1,1,0.00000000000000,46,9,0,0,0,0),(1482,1,2,1,0.00000000000000,46,21,0,0,0,0),(1483,0,3,1,1.31472977746380,47,21,1,0,0,0),(1484,1,1,1,0.00000000000000,48,21,0,0,0,0),(1485,0,2,1,1.42452830188680,49,21,1,0,0,0),(1486,1,1,1,0.00000000000000,50,21,0,0,0,0),(1487,1,2,1,0.00000000000000,51,21,0,0,0,0),(1488,3,1,1,1.22992700729930,52,21,1,0,0,0),(1489,2,0,1,1.62608695652170,53,21,1,0,0,0),(1490,1,1,1,0.00000000000000,54,21,0,0,0,0),(1491,2,1,1,0.00000000000000,46,11,0,0,0,0),(1492,1,3,1,1.45778876722010,47,9,1,1,0,0),(1493,1,2,1,0.00000000000000,48,9,0,0,0,0),(1494,2,1,1,0.00000000000000,49,9,0,0,0,0),(1495,0,1,1,0.00000000000000,50,9,0,0,0,0),(1496,0,1,1,0.00000000000000,51,9,0,0,0,0),(1497,2,0,1,1.22992700729930,52,9,1,0,0,0),(1498,1,1,1,0.00000000000000,53,9,0,0,0,0),(1499,1,0,1,0.00000000000000,54,9,0,0,0,0),(1500,0,2,1,0.00000000000000,51,20,0,0,0,0),(1501,2,0,1,1.22992700729930,52,20,1,0,0,0),(1502,2,1,1,3.00000000000000,50,20,1,1,1,1),(1503,1,1,1,0.00000000000000,48,20,0,0,0,0),(1504,0,2,1,1.42452830188680,49,20,1,0,0,0),(1505,1,3,1,1.45778876722010,47,20,1,1,0,0),(1506,0,0,1,0.00000000000000,47,22,0,0,0,0),(1507,1,1,1,0.00000000000000,48,22,0,0,0,0),(1508,0,1,1,1.55188679245280,49,22,1,1,0,0),(1509,2,0,1,2.00000000000000,50,22,1,0,0,0),(1510,1,2,1,0.00000000000000,51,22,0,0,0,0),(1511,1,0,1,1.62408759124090,52,22,1,1,0,0),(1512,0,2,1,1.71938234848870,47,6,1,1,1,1),(1513,2,0,1,1.64285714285710,48,6,1,0,0,0),(1514,1,2,1,1.91981132075470,49,6,1,1,1,1),(1515,1,1,1,0.00000000000000,50,6,0,0,0,0),(1516,3,2,1,0.00000000000000,51,6,0,0,0,0),(1517,3,1,1,1.22992700729930,52,6,1,0,0,0),(1518,0,2,1,1.71938234848870,47,11,1,1,1,1),(1519,1,0,1,2.71428571428570,48,11,1,1,1,1),(1520,2,2,1,0.00000000000000,49,11,0,0,0,0),(1521,1,2,1,0.00000000000000,50,11,0,0,0,0),(1522,0,1,1,0.00000000000000,51,11,0,0,0,0),(1523,3,1,1,1.22992700729930,52,11,1,0,0,0),(1524,1,1,1,0.00000000000000,53,11,0,0,0,0),(1525,1,1,1,0.00000000000000,54,11,0,0,0,0),(1526,3,1,1,1.54782608695650,53,6,1,0,0,0),(1527,2,1,1,0.00000000000000,54,6,0,0,0,0),(1528,2,1,1,2.09565217391300,53,22,1,1,0,0),(1529,2,1,1,0.00000000000000,54,22,0,0,0,0),(1530,1,2,1,0.00000000000000,53,20,0,0,0,0),(1531,1,1,1,0.00000000000000,54,20,0,0,0,0),(1532,1,2,1,0.00000000000000,50,3,0,0,0,0),(1533,1,2,1,0.00000000000000,51,3,0,0,0,0),(1534,0,1,1,0.00000000000000,48,3,0,0,0,0),(1535,0,3,1,1.31472977746380,47,3,1,0,0,0),(1536,2,2,1,0.00000000000000,49,3,0,0,0,0),(1537,2,1,1,2.09215328467150,52,3,1,1,1,1),(1538,1,1,1,0.00000000000000,53,3,0,0,0,0),(1539,1,2,1,4.37500000000000,54,3,1,1,1,1),(1540,2,1,1,2.03680000000000,55,12,1,1,0,0),(1541,2,0,1,1.27678045909360,56,12,1,0,0,0),(1542,1,1,1,0.00000000000000,57,12,0,0,0,0),(1543,2,0,1,0.00000000000000,58,12,0,0,0,0),(1544,2,0,1,0.00000000000000,59,12,0,0,0,0),(1545,1,1,1,1.88392857142860,60,12,1,1,1,1),(1546,1,1,1,0.00000000000000,61,12,0,0,0,0),(1547,2,1,1,1.99558420628530,62,12,1,1,0,0),(1548,2,1,1,0.00000000000000,63,12,0,0,0,0),(1549,3,1,1,1.57600000000000,55,23,1,0,0,0),(1550,2,0,1,1.27678045909360,56,23,1,0,0,0),(1551,2,1,1,2.00609756097560,57,23,1,1,1,1),(1552,3,1,1,0.00000000000000,58,23,0,0,0,0),(1553,4,0,1,0.00000000000000,59,23,0,0,0,0),(1554,1,2,1,0.00000000000000,60,23,0,0,0,0),(1555,1,1,1,0.00000000000000,61,23,0,0,0,0),(1556,3,1,1,1.45253827558420,62,23,1,0,0,0),(1557,1,2,1,0.00000000000000,63,23,0,0,0,0),(1558,1,2,1,0.00000000000000,55,14,0,0,0,0),(1559,3,1,1,1.42775161859920,56,14,1,0,1,0),(1560,2,1,1,2.00609756097560,57,14,1,1,1,1),(1561,1,1,1,2.00000000000000,58,14,1,1,0,0),(1562,2,0,1,0.00000000000000,59,14,0,0,0,0),(1563,2,3,1,0.00000000000000,60,14,0,0,0,0),(1564,2,2,1,0.00000000000000,61,14,0,0,0,0),(1565,1,1,1,0.00000000000000,62,14,0,0,0,0),(1566,2,2,1,2.12500000000000,63,14,1,1,0,0),(1567,2,0,1,1.29032258064520,116,26,1,0,0,0),(1568,1,2,1,0.00000000000000,117,26,0,0,0,0),(1569,2,0,1,0.00000000000000,118,26,0,0,0,0),(1570,2,2,1,2.64383561643840,119,26,1,1,1,1),(1571,1,2,1,1.31563126252510,120,26,1,0,0,0),(1572,1,3,1,0.00000000000000,121,26,0,0,0,0),(1573,1,0,1,0.00000000000000,124,26,0,0,0,0),(1574,1,0,1,1.50000000000000,122,26,1,0,0,0),(1575,1,2,1,1.64800000000000,123,26,1,1,0,0),(1576,0,1,0,NULL,125,26,0,0,0,0),(1577,2,1,0,NULL,126,26,0,0,0,0),(1578,1,1,0,NULL,127,26,0,0,0,0),(1579,1,2,0,NULL,128,26,0,0,0,0),(1580,1,4,0,NULL,129,26,0,0,0,0),(1581,0,1,0,NULL,130,26,0,0,0,0),(1582,2,1,0,NULL,131,26,0,0,0,0),(1583,2,1,0,NULL,132,26,0,0,0,0),(1584,2,3,0,NULL,133,26,0,0,0,0),(1585,1,0,0,NULL,134,26,0,0,0,0),(1586,2,1,0,NULL,135,26,0,0,0,0),(1587,0,1,0,NULL,136,26,0,0,0,0),(1588,2,1,0,NULL,137,26,0,0,0,0),(1589,0,0,0,NULL,138,26,0,0,0,0),(1590,1,0,0,NULL,139,26,0,0,0,0),(1591,1,1,0,NULL,140,26,0,0,0,0),(1592,1,2,0,NULL,141,26,0,0,0,0),(1593,1,0,0,NULL,142,26,0,0,0,0),(1594,2,1,0,NULL,143,26,0,0,0,0),(1595,1,0,0,NULL,144,26,0,0,0,0),(1596,2,4,0,NULL,145,26,0,0,0,0),(1597,1,2,0,NULL,146,26,0,0,0,0),(1598,1,0,0,NULL,147,26,0,0,0,0),(1599,1,1,0,NULL,148,26,0,0,0,0),(1600,1,0,0,NULL,149,26,0,0,0,0),(1601,1,2,0,NULL,150,26,0,0,0,0),(1602,1,1,0,NULL,151,26,0,0,0,0),(1603,2,1,0,NULL,152,26,0,0,0,0),(1604,1,0,0,NULL,153,26,0,0,0,0),(1605,2,0,0,NULL,154,26,0,0,0,0),(1606,1,1,0,NULL,155,26,0,0,0,0),(1607,2,1,0,NULL,156,26,0,0,0,0),(1608,1,0,0,NULL,157,26,0,0,0,0),(1609,1,2,0,NULL,158,26,0,0,0,0),(1610,1,0,0,NULL,159,26,0,0,0,0),(1611,0,2,0,NULL,160,26,0,0,0,0),(1612,2,3,0,NULL,161,26,0,0,0,0),(1613,1,0,0,NULL,162,26,0,0,0,0),(1614,2,2,0,NULL,163,26,0,0,0,0),(1615,1,2,0,NULL,164,26,0,0,0,0),(1616,0,1,0,NULL,165,26,0,0,0,0),(1617,1,2,0,NULL,166,26,0,0,0,0),(1618,1,1,0,NULL,167,26,0,0,0,0),(1619,1,3,0,NULL,168,26,0,0,0,0),(1620,1,0,0,NULL,169,26,0,0,0,0),(1621,1,2,1,0.00000000000000,55,1,0,0,0,0),(1622,3,0,1,1.78421130076520,56,1,1,0,0,0),(1623,2,1,1,2.00609756097560,57,1,1,1,1,1),(1624,3,1,1,0.00000000000000,58,1,0,0,0,0),(1625,2,0,1,0.00000000000000,59,1,0,0,0,0),(1626,1,1,1,1.88392857142860,60,1,1,1,1,1),(1627,2,1,1,3.48684210526320,61,1,1,1,0,0),(1628,2,1,1,1.99558420628530,62,1,1,1,0,0),(1629,3,1,1,0.00000000000000,63,1,0,0,0,0),(1630,0,0,1,0.00000000000000,55,13,0,0,0,0),(1631,1,1,1,0.00000000000000,56,13,0,0,0,0),(1632,0,1,1,0.00000000000000,57,13,0,0,0,0),(1633,3,0,1,0.00000000000000,58,13,0,0,0,0),(1634,1,0,1,0.00000000000000,59,13,0,0,0,0),(1635,1,1,1,1.88392857142860,60,13,1,1,1,1),(1636,2,0,1,1.71052631578950,61,13,1,0,0,0),(1637,0,1,1,0.00000000000000,62,13,0,0,0,0),(1638,2,2,1,2.12500000000000,63,13,1,1,0,0),(1639,2,0,1,1.43200000000000,55,15,1,0,0,0),(1640,2,0,1,1.27678045909360,56,15,1,0,0,0),(1641,0,2,1,0.00000000000000,57,15,0,0,0,0),(1642,1,1,1,2.00000000000000,58,15,1,1,0,0),(1643,2,0,1,0.00000000000000,59,15,0,0,0,0),(1644,1,1,1,1.88392857142860,60,15,1,1,1,1),(1645,0,2,1,0.00000000000000,61,15,0,0,0,0),(1646,2,0,1,1.62224012892830,62,15,1,0,0,0),(1647,2,0,1,0.00000000000000,63,15,0,0,0,0),(1648,1,1,1,0.00000000000000,55,17,0,0,0,0),(1649,3,1,1,1.42775161859920,56,17,1,0,1,0),(1650,0,2,1,0.00000000000000,57,17,0,0,0,0),(1651,2,2,1,6.00000000000000,58,17,1,1,1,1),(1652,3,1,1,0.00000000000000,59,17,0,0,0,0),(1653,0,0,1,1.64285714285710,60,17,1,1,0,0),(1654,1,1,1,0.00000000000000,61,17,0,0,0,0),(1655,1,2,1,0.00000000000000,62,17,0,0,0,0),(1656,3,1,1,0.00000000000000,63,17,0,0,0,0),(1657,0,1,1,0.00000000000000,64,17,0,0,0,0),(1658,1,2,1,0.00000000000000,65,17,0,0,0,0),(1659,0,0,1,0.00000000000000,66,17,0,0,0,0),(1660,1,1,1,0.00000000000000,67,17,0,0,0,0),(1661,0,2,1,1.83991385498920,68,17,1,0,0,0),(1662,0,2,1,0.00000000000000,69,17,0,0,0,0),(1663,1,2,1,0.00000000000000,70,17,0,0,0,0),(1664,2,2,1,2.12500000000000,71,17,1,1,0,0),(1665,0,0,1,0.00000000000000,72,17,0,0,0,0),(1666,2,0,1,1.29032258064520,116,7,1,0,0,0),(1667,1,1,1,0.00000000000000,117,7,0,0,0,0),(1668,1,1,1,0.00000000000000,118,7,0,0,0,0),(1669,1,0,1,0.00000000000000,119,7,0,0,0,0),(1670,0,1,1,1.27054108216430,120,7,1,0,0,0),(1671,0,1,1,0.00000000000000,121,7,0,0,0,0),(1672,1,1,1,0.00000000000000,124,7,0,0,0,0),(1673,1,1,1,0.00000000000000,122,7,0,0,0,0),(1674,1,2,1,1.64800000000000,123,7,1,1,0,0),(1675,1,1,0,NULL,125,7,0,0,0,0),(1676,1,0,0,NULL,126,7,0,0,0,0),(1677,1,1,0,NULL,127,7,0,0,0,0),(1678,1,0,0,NULL,128,7,0,0,0,0),(1679,1,2,0,NULL,129,7,0,0,0,0),(1680,1,0,0,NULL,130,7,0,0,0,0),(1681,2,1,0,NULL,131,7,0,0,0,0),(1682,1,1,0,NULL,132,7,0,0,0,0),(1683,1,1,0,NULL,133,7,0,0,0,0),(1684,1,1,0,NULL,134,7,0,0,0,0),(1685,1,1,0,NULL,135,7,0,0,0,0),(1686,1,1,0,NULL,136,7,0,0,0,0),(1687,1,1,0,NULL,137,7,0,0,0,0),(1688,2,0,0,NULL,138,7,0,0,0,0),(1689,1,1,0,NULL,139,7,0,0,0,0),(1690,1,1,0,NULL,140,7,0,0,0,0),(1691,1,1,0,NULL,141,7,0,0,0,0),(1692,1,1,0,NULL,142,7,0,0,0,0),(1693,1,1,0,NULL,143,7,0,0,0,0),(1694,1,1,0,NULL,144,7,0,0,0,0),(1695,0,1,0,NULL,145,7,0,0,0,0),(1696,1,1,0,NULL,146,7,0,0,0,0),(1697,2,1,0,NULL,147,7,0,0,0,0),(1698,0,1,0,NULL,148,7,0,0,0,0),(1699,1,1,0,NULL,149,7,0,0,0,0),(1700,2,1,0,NULL,150,7,0,0,0,0),(1701,1,0,0,NULL,151,7,0,0,0,0),(1702,2,0,0,NULL,152,7,0,0,0,0),(1703,1,0,0,NULL,153,7,0,0,0,0),(1704,1,1,0,NULL,154,7,0,0,0,0),(1705,1,1,0,NULL,155,7,0,0,0,0),(1706,1,1,0,NULL,156,7,0,0,0,0),(1707,1,1,0,NULL,157,7,0,0,0,0),(1708,0,2,0,NULL,158,7,0,0,0,0),(1709,1,1,0,NULL,159,7,0,0,0,0),(1710,0,1,0,NULL,160,7,0,0,0,0),(1711,1,2,0,NULL,161,7,0,0,0,0),(1712,1,1,0,NULL,162,7,0,0,0,0),(1713,1,1,0,NULL,163,7,0,0,0,0),(1714,1,1,0,NULL,164,7,0,0,0,0),(1715,1,1,0,NULL,165,7,0,0,0,0),(1716,1,0,0,NULL,166,7,0,0,0,0),(1717,2,1,0,NULL,167,7,0,0,0,0),(1718,1,1,0,NULL,168,7,0,0,0,0),(1719,1,1,0,NULL,169,7,0,0,0,0),(1720,2,1,1,1.24193548387100,116,2,1,0,0,0),(1721,1,2,1,0.00000000000000,117,2,0,0,0,0),(1722,2,1,1,0.00000000000000,118,2,0,0,0,0),(1723,1,1,1,1.61643835616440,119,2,1,1,0,0),(1724,1,2,1,1.31563126252510,120,2,1,0,0,0),(1725,1,2,1,0.00000000000000,121,2,0,0,0,0),(1726,2,1,1,0.00000000000000,124,2,0,0,0,0),(1727,2,2,1,0.00000000000000,122,2,0,0,0,0),(1728,0,1,1,2.72800000000000,123,2,1,1,1,1),(1729,2,1,0,NULL,125,2,0,0,0,0),(1730,3,1,0,NULL,126,2,0,0,0,0),(1731,2,2,0,NULL,127,2,0,0,0,0),(1732,1,1,0,NULL,128,2,0,0,0,0),(1733,1,3,0,NULL,129,2,0,0,0,0),(1734,2,1,0,NULL,130,2,0,0,0,0),(1735,2,2,0,NULL,131,2,0,0,0,0),(1736,1,2,0,NULL,132,2,0,0,0,0),(1737,1,2,0,NULL,133,2,0,0,0,0),(1738,2,1,0,NULL,134,2,0,0,0,0),(1739,2,1,0,NULL,135,2,0,0,0,0),(1740,1,2,0,NULL,136,2,0,0,0,0),(1741,0,2,0,NULL,137,2,0,0,0,0),(1742,2,0,0,NULL,138,2,0,0,0,0),(1743,1,0,0,NULL,139,2,0,0,0,0),(1744,3,1,0,NULL,140,2,0,0,0,0),(1745,2,1,0,NULL,141,2,0,0,0,0),(1746,1,2,0,NULL,142,2,0,0,0,0),(1747,2,1,0,NULL,143,2,0,0,0,0),(1748,1,0,0,NULL,144,2,0,0,0,0),(1749,1,3,0,NULL,145,2,0,0,0,0),(1750,0,2,0,NULL,146,2,0,0,0,0),(1751,2,1,0,NULL,147,2,0,0,0,0),(1752,1,1,0,NULL,148,2,0,0,0,0),(1753,3,1,0,NULL,149,2,0,0,0,0),(1754,1,1,0,NULL,150,2,0,0,0,0),(1755,2,0,0,NULL,151,2,0,0,0,0),(1756,3,1,0,NULL,152,2,0,0,0,0),(1757,2,1,0,NULL,153,2,0,0,0,0),(1758,1,1,0,NULL,154,2,0,0,0,0),(1759,1,1,0,NULL,155,2,0,0,0,0),(1760,2,1,0,NULL,156,2,0,0,0,0),(1761,2,1,0,NULL,157,2,0,0,0,0),(1762,1,2,0,NULL,158,2,0,0,0,0),(1763,2,2,0,NULL,159,2,0,0,0,0),(1764,1,2,0,NULL,160,2,0,0,0,0),(1765,1,3,0,NULL,161,2,0,0,0,0),(1766,2,0,0,NULL,162,2,0,0,0,0),(1767,1,0,0,NULL,163,2,0,0,0,0),(1768,1,2,0,NULL,164,2,0,0,0,0),(1769,0,2,0,NULL,165,2,0,0,0,0),(1770,0,3,0,NULL,166,2,0,0,0,0),(1771,3,0,0,NULL,167,2,0,0,0,0),(1772,1,2,0,NULL,168,2,0,0,0,0),(1773,1,1,0,NULL,169,2,0,0,0,0),(1774,1,0,1,1.64800000000000,55,3,1,1,0,0),(1775,2,1,1,1.24764567392580,56,3,1,0,0,0),(1776,1,2,1,0.00000000000000,57,3,0,0,0,0),(1777,2,1,1,0.00000000000000,58,3,0,0,0,0),(1778,3,0,1,0.00000000000000,59,3,0,0,0,0),(1779,1,2,1,0.00000000000000,60,3,0,0,0,0),(1780,1,0,1,1.82894736842110,61,3,1,1,0,0),(1781,2,2,1,0.00000000000000,62,3,0,0,0,0),(1782,1,0,1,0.00000000000000,63,3,0,0,0,0),(1783,0,2,1,0.00000000000000,55,5,0,0,0,0),(1784,0,1,1,0.00000000000000,56,5,0,0,0,0),(1785,2,0,1,1.54878048780490,57,5,1,0,0,0),(1786,2,1,1,0.00000000000000,58,5,0,0,0,0),(1787,3,1,1,0.00000000000000,59,5,0,0,0,0),(1788,0,3,1,0.00000000000000,60,5,0,0,0,0),(1789,2,2,1,0.00000000000000,61,5,0,0,0,0),(1790,4,1,1,1.38291700241740,62,5,1,0,0,0),(1791,0,2,1,0.00000000000000,63,5,0,0,0,0),(1792,0,1,1,0.00000000000000,64,5,0,0,0,0),(1793,3,1,1,3.25000000000000,65,5,1,0,0,0),(1794,2,0,1,0.00000000000000,66,5,0,0,0,0),(1795,0,0,1,0.00000000000000,67,5,0,0,0,0),(1796,0,2,1,1.83991385498920,68,5,1,0,0,0),(1797,0,2,1,0.00000000000000,69,5,0,0,0,0),(1798,2,0,1,1.36000000000000,70,5,1,0,0,0),(1799,1,2,1,0.00000000000000,71,5,0,0,0,0),(1800,2,0,1,2.53488372093020,72,5,1,1,0,0),(1801,0,0,1,0.00000000000000,55,4,0,0,0,0),(1802,1,1,1,0.00000000000000,56,4,0,0,0,0),(1803,1,0,1,1.60365853658540,57,4,1,1,0,0),(1804,2,0,1,0.00000000000000,58,4,0,0,0,0),(1805,5,0,1,0.00000000000000,59,4,0,0,0,0),(1806,2,1,1,0.00000000000000,60,4,0,0,0,0),(1807,0,0,1,0.00000000000000,61,4,0,0,0,0),(1808,2,0,1,1.62224012892830,62,4,1,0,0,0),(1809,1,0,1,0.00000000000000,63,4,0,0,0,0),(1810,1,0,1,1.64800000000000,55,8,1,1,0,0),(1811,3,0,1,1.78421130076520,56,8,1,0,0,0),(1812,2,2,1,0.00000000000000,57,8,0,0,0,0),(1813,2,0,1,0.00000000000000,58,8,0,0,0,0),(1814,2,0,1,0.00000000000000,59,8,0,0,0,0),(1815,0,1,1,0.00000000000000,60,8,0,0,0,0),(1816,1,1,1,0.00000000000000,61,8,0,0,0,0),(1817,0,1,1,0.00000000000000,62,8,0,0,0,0),(1818,2,1,1,0.00000000000000,63,8,0,0,0,0),(1819,2,1,1,2.03680000000000,55,10,1,1,0,0),(1820,1,1,1,0.00000000000000,56,10,0,0,0,0),(1821,1,0,1,1.60365853658540,57,10,1,1,0,0),(1822,1,1,1,2.00000000000000,58,10,1,1,0,0),(1823,1,2,1,4.00000000000000,59,10,1,1,0,0),(1824,0,2,1,0.00000000000000,60,10,0,0,0,0),(1825,1,2,1,0.00000000000000,61,10,0,0,0,0),(1826,1,2,1,0.00000000000000,62,10,0,0,0,0),(1827,2,0,1,0.00000000000000,63,10,0,0,0,0),(1828,2,0,1,1.43200000000000,55,20,1,0,0,0),(1829,3,0,1,1.78421130076520,56,20,1,0,0,0),(1830,2,1,1,2.00609756097560,57,20,1,1,1,1),(1831,3,0,1,0.00000000000000,58,20,0,0,0,0),(1832,2,0,1,0.00000000000000,59,20,0,0,0,0),(1833,0,0,1,1.64285714285710,60,20,1,1,0,0),(1834,2,1,1,3.48684210526320,61,20,1,1,0,0),(1835,2,1,1,2.03680000000000,55,22,1,1,0,0),(1836,1,3,1,0.00000000000000,55,11,0,0,0,0),(1837,2,0,1,1.43200000000000,55,6,1,0,0,0),(1838,0,1,1,0.00000000000000,55,21,0,0,0,0),(1839,2,0,1,1.27678045909360,56,21,1,0,0,0),(1840,1,1,1,0.00000000000000,57,21,0,0,0,0),(1841,2,1,1,0.00000000000000,58,21,0,0,0,0),(1842,2,1,1,0.00000000000000,59,21,0,0,0,0),(1843,1,2,1,0.00000000000000,60,21,0,0,0,0),(1844,0,0,1,0.00000000000000,61,21,0,0,0,0),(1845,2,0,1,1.62224012892830,62,21,1,0,0,0),(1846,1,0,1,0.00000000000000,63,21,0,0,0,0),(1847,2,1,1,2.03680000000000,55,24,1,1,0,0),(1848,1,1,1,0.00000000000000,55,18,0,0,0,0),(1849,3,0,1,1.78421130076520,56,18,1,0,0,0),(1850,0,1,1,0.00000000000000,57,18,0,0,0,0),(1851,1,2,1,0.00000000000000,58,18,0,0,0,0),(1852,2,1,1,0.00000000000000,59,18,0,0,0,0),(1853,0,1,1,0.00000000000000,60,18,0,0,0,0),(1854,1,1,1,0.00000000000000,61,18,0,0,0,0),(1855,2,1,1,1.99558420628530,62,18,1,1,0,0),(1856,2,0,1,0.00000000000000,63,18,0,0,0,0),(1857,2,1,1,2.03680000000000,55,9,1,1,0,0),(1858,2,1,1,1.24764567392580,56,9,1,0,0,0),(1859,2,1,1,2.00609756097560,57,9,1,1,1,1),(1860,1,1,1,2.00000000000000,58,9,1,1,0,0),(1861,0,1,1,7.00000000000000,59,9,1,1,1,1),(1862,1,1,1,1.88392857142860,60,9,1,1,1,1),(1863,1,0,1,1.82894736842110,61,9,1,1,0,0),(1864,0,0,1,0.00000000000000,62,9,0,0,0,0),(1865,2,2,1,2.12500000000000,63,9,1,1,0,0),(1866,3,0,1,1.78421130076520,56,11,1,0,0,0),(1867,2,2,1,0.00000000000000,57,11,0,0,0,0),(1868,2,0,1,0.00000000000000,58,11,0,0,0,0),(1869,3,1,1,0.00000000000000,59,11,0,0,0,0),(1870,0,1,1,0.00000000000000,60,11,0,0,0,0),(1871,1,0,1,1.82894736842110,61,11,1,1,0,0),(1872,1,1,1,0.00000000000000,62,11,0,0,0,0),(1873,2,1,1,0.00000000000000,63,11,0,0,0,0),(1874,2,0,1,1.27678045909360,56,22,1,0,0,0),(1875,2,2,1,0.00000000000000,57,22,0,0,0,0),(1876,3,0,1,0.00000000000000,58,22,0,0,0,0),(1877,2,0,1,0.00000000000000,59,22,0,0,0,0),(1878,1,1,1,1.88392857142860,60,22,1,1,1,1),(1879,0,0,1,0.00000000000000,61,22,0,0,0,0),(1880,3,0,1,1.78421130076520,56,6,1,0,0,0),(1881,3,2,1,1.60365853658540,57,6,1,1,0,0),(1882,3,1,1,0.00000000000000,58,6,0,0,0,0),(1883,4,0,1,0.00000000000000,59,6,0,0,0,0),(1884,2,1,1,0.00000000000000,60,6,0,0,0,0),(1885,1,0,1,1.82894736842110,61,6,1,1,0,0),(1886,4,2,1,1.41482675261890,62,6,1,0,0,0),(1887,1,1,1,3.81250000000000,63,6,1,1,1,1),(1888,3,1,1,1.42775161859920,56,24,1,0,1,0),(1889,1,2,1,0.00000000000000,57,24,0,0,0,0),(1890,3,0,1,0.00000000000000,58,24,0,0,0,0),(1891,1,0,1,0.00000000000000,59,24,0,0,0,0),(1892,0,0,1,1.64285714285710,60,24,1,1,0,0),(1893,0,2,1,0.00000000000000,61,24,0,0,0,0),(1894,2,0,1,0.00000000000000,63,24,0,0,0,0),(1895,2,1,1,1.99558420628530,62,24,1,1,0,0),(1896,2,1,1,1.99558420628530,62,22,1,1,0,0),(1897,2,1,1,0.00000000000000,63,22,0,0,0,0),(1898,1,0,1,0.00000000000000,73,5,0,0,0,0),(1899,2,1,1,0.00000000000000,74,5,0,0,0,0),(1900,2,1,1,0.00000000000000,75,5,0,0,0,0),(1901,3,0,1,1.24319013046560,76,5,1,0,0,0),(1902,1,2,1,0.00000000000000,77,5,0,0,0,0),(1903,3,1,1,1.86255924170620,78,5,1,1,0,0),(1904,2,2,1,0.00000000000000,79,5,0,0,0,0),(1905,1,0,1,1.51923076923080,80,5,1,0,0,0),(1906,1,3,1,0.00000000000000,81,5,0,0,0,0),(1907,2,0,1,1.17147323682200,64,12,1,0,0,0),(1908,0,2,1,0.00000000000000,65,12,0,0,0,0),(1909,1,2,1,2.20000000000000,66,12,1,1,1,1),(1910,2,1,1,1.27321428571430,67,12,1,0,0,0),(1911,1,1,1,0.00000000000000,68,12,0,0,0,0),(1912,1,2,1,0.00000000000000,69,12,0,0,0,0),(1913,2,1,1,2.00800000000000,70,12,1,1,1,1),(1914,1,2,1,0.00000000000000,71,12,0,0,0,0),(1915,1,1,1,0.00000000000000,72,12,0,0,0,0),(1916,3,0,1,1.32389389177480,64,15,1,0,0,0),(1917,1,1,1,0.00000000000000,65,15,0,0,0,0),(1918,1,1,1,0.00000000000000,66,15,0,0,0,0),(1919,2,0,1,2.45714285714290,67,15,1,1,1,1),(1920,1,1,1,0.00000000000000,68,15,0,0,0,0),(1921,0,2,1,0.00000000000000,69,15,0,0,0,0),(1922,2,0,1,1.36000000000000,70,15,1,0,0,0),(1923,1,1,1,2.68750000000000,71,15,1,1,1,1),(1924,2,0,1,2.53488372093020,72,15,1,1,0,0),(1925,0,0,1,0.00000000000000,64,14,0,0,0,0),(1926,0,4,1,0.00000000000000,65,14,0,0,0,0),(1927,2,1,1,0.00000000000000,66,14,0,0,0,0),(1928,2,1,1,1.27321428571430,67,14,1,0,0,0),(1929,2,2,1,0.00000000000000,68,14,0,0,0,0),(1930,1,1,1,2.31250000000000,69,14,1,1,0,0),(1931,1,1,1,0.00000000000000,70,14,0,0,0,0),(1932,0,2,1,0.00000000000000,71,14,0,0,0,0),(1933,1,1,1,0.00000000000000,72,14,0,0,0,0),(1934,1,1,1,0.00000000000000,64,4,0,0,0,0),(1935,0,5,1,0.00000000000000,65,4,0,0,0,0),(1936,0,2,1,1.66666666666670,66,4,1,0,0,0),(1937,1,1,1,0.00000000000000,67,4,0,0,0,0),(1938,0,2,1,1.83991385498920,68,4,1,0,0,0),(1939,1,3,1,0.00000000000000,69,4,0,0,0,0),(1940,0,0,1,0.00000000000000,70,4,0,0,0,0),(1941,1,1,1,2.68750000000000,71,4,1,1,1,1),(1942,1,0,1,1.41860465116280,72,4,1,0,0,0),(1943,3,1,1,1.22423423276720,64,23,1,0,0,0),(1944,1,3,1,0.00000000000000,65,23,0,0,0,0),(1945,1,2,1,2.20000000000000,66,23,1,1,1,1),(1946,2,1,1,1.27321428571430,67,23,1,0,0,0),(1947,1,2,1,1.58793969849250,68,23,1,0,1,0),(1948,1,2,1,0.00000000000000,69,23,0,0,0,0),(1949,3,1,1,1.36000000000000,70,23,1,0,0,0),(1950,0,3,1,0.00000000000000,71,23,0,0,0,0),(1951,2,1,1,1.76744186046510,72,23,1,0,0,0),(1952,3,1,1,1.22423423276720,64,8,1,0,0,0),(1953,2,3,1,0.00000000000000,65,8,0,0,0,0),(1954,3,2,1,0.00000000000000,66,8,0,0,0,0),(1955,3,1,1,2.09285714285710,67,8,1,1,0,0),(1956,2,3,1,1.45226130653270,68,8,1,0,0,0),(1957,2,3,1,0.00000000000000,69,8,0,0,0,0),(1958,3,2,1,1.50400000000000,70,8,1,1,0,0),(1959,2,3,1,0.00000000000000,71,8,0,0,0,0),(1960,3,2,1,1.76744186046510,72,8,1,0,0,0),(1961,1,1,1,0.00000000000000,64,25,0,0,0,0),(1962,1,1,1,0.00000000000000,65,25,0,0,0,0),(1963,1,1,1,0.00000000000000,66,25,0,0,0,0),(1964,1,1,1,0.00000000000000,67,25,0,0,0,0),(1965,1,1,1,0.00000000000000,68,25,0,0,0,0),(1966,1,1,1,2.31250000000000,69,25,1,1,0,0),(1967,1,1,1,0.00000000000000,70,25,0,0,0,0),(1968,1,1,1,2.68750000000000,71,25,1,1,1,1),(1969,1,1,1,0.00000000000000,72,25,0,0,0,0),(1970,1,1,1,0.00000000000000,73,25,0,0,0,0),(1971,1,1,1,0.00000000000000,74,25,0,0,0,0),(1972,1,1,1,0.00000000000000,75,25,0,0,0,0),(1973,1,1,1,0.00000000000000,76,25,0,0,0,0),(1974,1,1,1,0.00000000000000,77,25,0,0,0,0),(1975,1,1,1,0.00000000000000,78,25,0,0,0,0),(1976,1,1,1,0.00000000000000,79,25,0,0,0,0),(1977,1,1,1,0.00000000000000,80,25,0,0,0,0),(1978,1,1,1,2.54285714285710,81,25,1,1,0,0),(1979,1,1,1,0.00000000000000,82,25,0,0,0,0),(1980,1,1,1,0.00000000000000,83,25,0,0,0,0),(1981,1,1,1,0.00000000000000,84,25,0,0,0,0),(1982,1,1,1,0.00000000000000,86,25,0,0,0,0),(1983,1,1,1,0.00000000000000,87,25,0,0,0,0),(1984,1,1,1,0.00000000000000,85,25,0,0,0,0),(1985,1,1,1,0.00000000000000,88,25,0,0,0,0),(1986,1,1,1,0.00000000000000,89,25,0,0,0,0),(1987,1,1,1,0.00000000000000,90,25,0,0,0,0),(1988,1,1,1,0.00000000000000,91,25,0,0,0,0),(1989,1,1,1,0.00000000000000,92,25,0,0,0,0),(1990,1,1,1,0.00000000000000,93,25,0,0,0,0),(1991,1,1,1,0.00000000000000,94,25,0,0,0,0),(1992,1,1,1,2.87500000000000,95,25,1,1,0,0),(1993,1,1,1,0.00000000000000,96,25,0,0,0,0),(1994,1,1,1,0.00000000000000,97,25,0,0,0,0),(1995,1,1,1,0.00000000000000,98,25,0,0,0,0),(1996,1,1,1,0.00000000000000,99,25,0,0,0,0),(1997,1,1,1,0.00000000000000,116,25,0,0,0,0),(1998,1,1,1,0.00000000000000,117,25,0,0,0,0),(1999,1,1,1,0.00000000000000,118,25,0,0,0,0),(2000,1,1,1,1.61643835616440,119,25,1,1,0,0),(2001,1,1,1,0.00000000000000,120,25,0,0,0,0),(2002,1,1,1,5.50000000000000,121,25,1,1,0,0),(2003,1,1,1,0.00000000000000,124,25,0,0,0,0),(2004,1,1,1,0.00000000000000,122,25,0,0,0,0),(2005,1,1,1,0.00000000000000,123,25,0,0,0,0),(2006,1,1,0,NULL,125,25,0,0,0,0),(2007,1,1,0,NULL,126,25,0,0,0,0),(2008,1,1,0,NULL,127,25,0,0,0,0),(2009,1,1,0,NULL,128,25,0,0,0,0),(2010,1,1,0,NULL,129,25,0,0,0,0),(2011,1,1,0,NULL,130,25,0,0,0,0),(2012,1,1,0,NULL,131,25,0,0,0,0),(2013,1,1,0,NULL,132,25,0,0,0,0),(2014,1,1,0,NULL,133,25,0,0,0,0),(2015,1,1,0,NULL,134,25,0,0,0,0),(2016,1,1,0,NULL,135,25,0,0,0,0),(2017,1,1,0,NULL,136,25,0,0,0,0),(2018,1,1,0,NULL,137,25,0,0,0,0),(2019,1,1,0,NULL,138,25,0,0,0,0),(2020,1,1,0,NULL,139,25,0,0,0,0),(2021,1,1,0,NULL,140,25,0,0,0,0),(2022,1,1,0,NULL,141,25,0,0,0,0),(2023,1,1,0,NULL,142,25,0,0,0,0),(2024,1,1,0,NULL,143,25,0,0,0,0),(2025,1,1,0,NULL,144,25,0,0,0,0),(2026,1,1,0,NULL,145,25,0,0,0,0),(2027,1,1,0,NULL,146,25,0,0,0,0),(2028,1,1,0,NULL,147,25,0,0,0,0),(2029,1,1,0,NULL,148,25,0,0,0,0),(2030,1,1,0,NULL,149,25,0,0,0,0),(2031,1,1,0,NULL,150,25,0,0,0,0),(2032,1,1,0,NULL,151,25,0,0,0,0),(2033,1,1,0,NULL,152,25,0,0,0,0),(2034,1,1,0,NULL,153,25,0,0,0,0),(2035,1,1,0,NULL,154,25,0,0,0,0),(2036,1,1,0,NULL,155,25,0,0,0,0),(2037,1,1,0,NULL,156,25,0,0,0,0),(2038,1,1,0,NULL,157,25,0,0,0,0),(2039,1,1,0,NULL,158,25,0,0,0,0),(2040,1,1,0,NULL,159,25,0,0,0,0),(2041,1,1,0,NULL,160,25,0,0,0,0),(2042,1,1,0,NULL,161,25,0,0,0,0),(2043,1,1,0,NULL,162,25,0,0,0,0),(2044,1,1,0,NULL,163,25,0,0,0,0),(2045,1,1,0,NULL,164,25,0,0,0,0),(2046,1,1,0,NULL,165,25,0,0,0,0),(2047,1,1,0,NULL,166,25,0,0,0,0),(2048,1,1,0,NULL,167,25,0,0,0,0),(2049,1,1,0,NULL,168,25,0,0,0,0),(2050,1,1,0,NULL,169,25,0,0,0,0),(2051,3,0,1,1.32389389177480,64,13,1,0,0,0),(2052,1,0,1,4.37500000000000,65,13,1,1,0,0),(2053,1,1,1,0.00000000000000,66,13,0,0,0,0),(2054,2,0,1,2.45714285714290,67,13,1,1,1,1),(2055,2,3,1,1.45226130653270,68,13,1,0,0,0),(2056,0,0,1,2.12500000000000,69,13,1,1,0,0),(2057,1,1,1,0.00000000000000,70,13,0,0,0,0),(2058,2,1,1,0.00000000000000,71,13,0,0,0,0),(2059,0,0,1,0.00000000000000,72,13,0,0,0,0),(2060,1,2,1,0.00000000000000,64,10,0,0,0,0),(2061,1,0,1,4.37500000000000,65,10,1,1,0,0),(2062,0,2,1,1.66666666666670,66,10,1,0,0,0),(2063,2,1,1,1.27321428571430,67,10,1,0,0,0),(2064,1,2,1,1.58793969849250,68,10,1,0,1,0),(2065,1,2,1,0.00000000000000,69,10,0,0,0,0),(2066,1,0,1,1.50400000000000,70,10,1,1,0,0),(2067,3,0,1,0.00000000000000,71,10,0,0,0,0),(2068,2,0,1,2.53488372093020,72,10,1,1,0,0),(2069,4,1,1,1.58300900519470,64,6,1,0,0,0),(2070,1,3,1,0.00000000000000,65,6,0,0,0,0),(2071,1,1,1,0.00000000000000,67,6,0,0,0,0),(2072,3,1,1,1.22423423276720,64,1,1,0,0,0),(2073,0,1,1,0.00000000000000,65,1,0,0,0,0),(2074,1,2,1,2.20000000000000,66,1,1,1,1,1),(2075,3,2,1,1.25714285714290,67,1,1,0,0,0),(2076,0,2,1,1.83991385498920,68,1,1,0,0,0),(2077,1,3,1,0.00000000000000,69,1,0,0,0,0),(2078,0,1,1,0.00000000000000,70,1,0,0,0,0),(2079,1,2,1,0.00000000000000,71,1,0,0,0,0),(2080,1,2,1,0.00000000000000,72,1,0,0,0,0),(2081,4,0,1,2.45752251298670,64,21,1,0,0,0),(2082,0,2,1,0.00000000000000,65,21,0,0,0,0),(2083,1,1,1,0.00000000000000,66,21,0,0,0,0),(2084,2,0,1,2.45714285714290,67,21,1,1,1,1),(2085,1,1,1,0.00000000000000,68,21,0,0,0,0),(2086,0,2,1,0.00000000000000,69,21,0,0,0,0),(2087,1,1,1,0.00000000000000,70,21,0,0,0,0),(2088,1,2,1,0.00000000000000,71,21,0,0,0,0),(2089,1,1,1,0.00000000000000,72,21,0,0,0,0),(2090,3,0,1,1.32389389177480,64,11,1,0,0,0),(2091,1,3,1,0.00000000000000,65,11,0,0,0,0),(2092,1,0,1,1.50400000000000,70,11,1,1,0,0),(2093,1,3,1,1.66666666666670,66,11,1,0,0,0),(2094,1,0,1,1.27321428571430,67,11,1,0,0,0),(2095,1,1,1,2.31250000000000,69,11,1,1,0,0),(2096,1,1,1,0.00000000000000,72,11,0,0,0,0),(2097,1,2,1,0.00000000000000,71,11,0,0,0,0),(2098,0,2,1,1.83991385498920,68,11,1,0,0,0),(2099,3,0,1,1.32389389177480,64,22,1,0,0,0),(2100,2,0,1,1.17147323682200,64,18,1,0,0,0),(2101,1,2,1,0.00000000000000,65,18,0,0,0,0),(2102,2,0,1,0.00000000000000,66,18,0,0,0,0),(2103,1,0,1,1.27321428571430,67,18,1,0,0,0),(2104,1,1,1,0.00000000000000,68,18,0,0,0,0),(2105,0,2,1,0.00000000000000,69,18,0,0,0,0),(2106,0,2,1,0.00000000000000,70,18,0,0,0,0),(2107,0,2,1,0.00000000000000,71,18,0,0,0,0),(2108,1,2,1,0.00000000000000,72,18,0,0,0,0),(2109,6,0,1,3.91504502597340,64,16,1,1,1,1),(2110,1,3,1,0.00000000000000,65,16,0,0,0,0),(2111,1,1,1,0.00000000000000,66,16,0,0,0,0),(2112,2,1,1,1.27321428571430,67,16,1,0,0,0),(2113,2,2,1,0.00000000000000,68,16,0,0,0,0),(2114,1,1,1,2.31250000000000,69,16,1,1,0,0),(2115,1,1,1,0.00000000000000,70,16,0,0,0,0),(2116,3,1,1,0.00000000000000,71,16,0,0,0,0),(2117,1,1,1,0.00000000000000,72,16,0,0,0,0),(2118,2,0,1,1.17147323682200,64,3,1,0,0,0),(2119,0,2,1,0.00000000000000,65,3,0,0,0,0),(2120,1,1,1,0.00000000000000,66,3,0,0,0,0),(2121,1,0,1,1.27321428571430,67,3,1,0,0,0),(2122,0,1,1,1.45226130653270,68,3,1,0,0,0),(2123,0,2,1,0.00000000000000,69,3,0,0,0,0),(2124,2,1,1,2.00800000000000,70,3,1,1,1,1),(2125,1,2,1,0.00000000000000,71,3,0,0,0,0),(2126,1,1,1,0.00000000000000,72,3,0,0,0,0),(2127,1,1,1,0.00000000000000,65,20,0,0,0,0),(2128,1,2,1,2.20000000000000,66,20,1,1,1,1),(2129,1,0,1,1.27321428571430,67,20,1,0,0,0),(2130,0,2,1,1.83991385498920,68,20,1,0,0,0),(2131,1,2,1,0.00000000000000,69,20,0,0,0,0),(2132,2,1,1,2.00800000000000,70,20,1,1,1,1),(2133,1,2,1,0.00000000000000,71,20,0,0,0,0),(2134,0,2,1,0.00000000000000,72,20,0,0,0,0),(2135,0,2,1,0.00000000000000,65,9,0,0,0,0),(2136,1,2,1,2.20000000000000,66,9,1,1,1,1),(2137,1,1,1,0.00000000000000,67,9,0,0,0,0),(2138,0,2,1,1.83991385498920,68,9,1,0,0,0),(2139,1,3,1,0.00000000000000,69,9,0,0,0,0),(2140,2,1,1,2.00800000000000,70,9,1,1,1,1),(2141,1,0,1,0.00000000000000,71,9,0,0,0,0),(2142,1,0,1,1.41860465116280,72,9,1,0,0,0),(2143,1,0,1,0.00000000000000,66,6,0,0,0,0),(2144,2,1,1,0.00000000000000,68,6,0,0,0,0),(2145,1,2,1,0.00000000000000,69,6,0,0,0,0),(2146,1,1,1,0.00000000000000,70,6,0,0,0,0),(2147,1,3,1,0.00000000000000,71,6,0,0,0,0),(2148,1,0,1,1.41860465116280,72,6,1,0,0,0),(2149,1,2,1,0.00000000000000,65,22,0,0,0,0),(2150,1,1,1,0.00000000000000,66,22,0,0,0,0),(2151,2,1,1,1.27321428571430,67,22,1,0,0,0),(2152,1,1,1,0.00000000000000,68,22,0,0,0,0),(2153,1,1,1,2.31250000000000,69,22,1,1,0,0),(2154,2,1,1,2.00800000000000,70,22,1,1,1,1),(2155,1,2,1,0.00000000000000,71,22,0,0,0,0),(2156,1,0,1,1.41860465116280,72,22,1,0,0,0),(2157,4,1,1,1.58300900519470,64,20,1,0,0,0),(2158,3,1,1,1.22423423276720,64,9,1,0,0,0),(2159,2,1,1,1.27321428571430,67,24,1,0,0,0),(2160,1,3,1,0.00000000000000,71,24,0,0,0,0),(2161,1,1,1,0.00000000000000,72,24,0,0,0,0),(2162,1,1,1,0.00000000000000,73,24,0,0,0,0),(2163,2,1,1,0.00000000000000,74,24,0,0,0,0),(2164,1,1,1,0.00000000000000,75,24,0,0,0,0),(2165,2,0,1,1.35127463289480,76,24,1,0,0,0),(2166,2,1,1,1.45150501672240,77,24,1,0,1,0),(2167,2,1,1,1.33175355450240,78,24,1,0,0,0),(2168,2,1,1,2.06840022611650,79,24,1,1,0,0),(2169,3,1,1,2.29807692307690,80,24,1,0,0,0),(2170,1,3,1,0.00000000000000,81,24,0,0,0,0),(2171,2,0,1,1.31945392491470,82,5,1,0,0,0),(2172,1,1,1,0.00000000000000,83,5,0,0,0,0),(2173,0,2,1,0.00000000000000,84,5,0,0,0,0),(2174,2,0,1,0.00000000000000,86,5,0,0,0,0),(2175,1,1,1,0.00000000000000,87,5,0,0,0,0),(2176,2,2,1,0.00000000000000,85,5,0,0,0,0),(2177,1,2,1,0.00000000000000,88,5,0,0,0,0),(2178,0,1,1,3.54716981132080,89,5,1,1,1,1),(2179,1,3,1,0.00000000000000,90,5,0,0,0,0),(2180,2,0,1,0.00000000000000,73,10,0,0,0,0),(2181,3,0,1,0.00000000000000,74,10,0,0,0,0),(2182,0,2,1,1.94736842105260,75,10,1,0,0,0),(2183,0,1,1,0.00000000000000,76,10,0,0,0,0),(2184,0,2,1,0.00000000000000,77,10,0,0,0,0),(2185,1,0,1,1.33175355450240,78,10,1,0,0,0),(2186,0,2,1,0.00000000000000,79,10,0,0,0,0),(2187,1,0,1,1.51923076923080,80,10,1,0,0,0),(2188,2,1,1,0.00000000000000,81,10,0,0,0,0),(2189,0,2,1,1.51265822784810,73,15,1,0,0,0),(2190,3,0,1,0.00000000000000,74,15,0,0,0,0),(2191,2,0,1,0.00000000000000,75,15,0,0,0,0),(2192,0,2,1,0.00000000000000,76,15,0,0,0,0),(2193,3,0,1,4.61204013377930,77,15,1,1,1,1),(2194,1,1,1,0.00000000000000,78,15,0,0,0,0),(2195,2,0,1,1.42736009044660,79,15,1,0,0,0),(2196,2,0,1,2.29807692307690,80,15,1,0,0,0),(2197,1,6,1,0.00000000000000,81,15,0,0,0,0),(2198,3,0,1,1.23959044368600,82,15,1,0,0,0),(2199,1,1,1,0.00000000000000,83,15,0,0,0,0),(2200,1,6,1,0.00000000000000,84,15,0,0,0,0),(2201,2,0,1,0.00000000000000,86,15,0,0,0,0),(2202,0,2,1,1.61096605744130,87,15,1,0,0,0),(2203,3,0,1,1.48771047029220,85,15,1,0,1,0),(2204,2,0,1,1.68023255813950,88,15,1,1,0,0),(2205,3,0,1,0.00000000000000,89,15,0,0,0,0),(2206,2,0,1,2.78021978021980,90,15,1,1,0,0),(2207,1,1,1,0.00000000000000,73,12,0,0,0,0),(2208,2,0,1,0.00000000000000,74,12,0,0,0,0),(2209,1,1,1,0.00000000000000,75,12,0,0,0,0),(2210,2,0,1,1.35127463289480,76,12,1,0,0,0),(2211,2,1,1,1.45150501672240,77,12,1,0,1,0),(2212,2,1,1,1.33175355450240,78,12,1,0,0,0),(2213,2,1,1,2.06840022611650,79,12,1,1,0,0),(2214,1,1,1,0.00000000000000,80,12,0,0,0,0),(2215,1,2,1,0.00000000000000,81,12,0,0,0,0),(2216,2,2,1,0.00000000000000,73,23,0,0,0,0),(2217,3,1,1,0.00000000000000,74,23,0,0,0,0),(2218,2,1,1,0.00000000000000,75,23,0,0,0,0),(2219,3,0,1,1.24319013046560,76,23,1,0,0,0),(2220,2,0,1,2.20401337792640,77,23,1,0,0,0),(2221,1,1,1,0.00000000000000,78,23,0,0,0,0),(2222,3,1,1,1.30525720746180,79,23,1,0,0,0),(2223,2,1,1,1.86538461538460,80,23,1,0,1,0),(2224,1,2,1,0.00000000000000,81,23,0,0,0,0),(2225,0,2,1,1.51265822784810,73,13,1,0,0,0),(2226,1,1,1,0.00000000000000,74,13,0,0,0,0),(2227,2,1,1,0.00000000000000,75,13,0,0,0,0),(2228,2,2,1,0.00000000000000,76,13,0,0,0,0),(2229,1,1,1,0.00000000000000,77,13,0,0,0,0),(2230,2,0,1,2.43759873617690,78,13,1,1,1,1),(2231,1,2,1,0.00000000000000,79,13,0,0,0,0),(2232,0,1,1,0.00000000000000,80,13,0,0,0,0),(2233,1,0,1,0.00000000000000,81,13,0,0,0,0),(2234,1,2,1,1.68354430379750,73,14,1,1,0,0),(2235,3,0,1,0.00000000000000,74,14,0,0,0,0),(2236,2,1,1,0.00000000000000,75,14,0,0,0,0),(2237,1,1,1,0.00000000000000,76,14,0,0,0,0),(2238,0,1,1,0.00000000000000,77,14,0,0,0,0),(2239,2,1,1,1.33175355450240,78,14,1,0,0,0),(2240,3,2,1,1.61051441492370,79,14,1,1,0,0),(2241,2,2,1,0.00000000000000,80,14,0,0,0,0),(2242,2,2,1,2.28571428571430,81,14,1,1,0,0),(2243,0,1,1,5.10126582278480,73,3,1,1,1,1),(2244,2,1,1,0.00000000000000,74,3,0,0,0,0),(2245,2,0,1,0.00000000000000,75,3,0,0,0,0),(2246,2,2,1,0.00000000000000,76,3,0,0,0,0),(2247,1,2,1,0.00000000000000,77,3,0,0,0,0),(2248,2,0,1,2.43759873617690,78,3,1,1,1,1),(2249,2,1,1,2.06840022611650,79,3,1,1,0,0),(2250,1,0,1,1.51923076923080,80,3,1,0,0,0),(2251,2,1,1,0.00000000000000,81,3,0,0,0,0),(2252,1,2,1,1.68354430379750,73,1,1,1,0,0),(2253,3,1,1,0.00000000000000,74,1,0,0,0,0),(2254,1,0,1,0.00000000000000,75,1,0,0,0,0),(2255,3,2,1,1.63229433921070,76,1,1,1,0,0),(2256,2,1,1,1.45150501672240,77,1,1,0,1,0),(2257,1,1,1,0.00000000000000,78,1,0,0,0,0),(2258,3,2,1,1.61051441492370,79,1,1,1,0,0),(2259,1,0,1,1.51923076923080,80,1,1,0,0,0),(2260,1,3,1,0.00000000000000,81,1,0,0,0,0),(2261,1,2,1,1.68354430379750,73,4,1,1,0,0),(2262,5,0,1,0.00000000000000,74,4,0,0,0,0),(2263,2,0,1,0.00000000000000,75,4,0,0,0,0),(2264,1,1,1,0.00000000000000,76,4,0,0,0,0),(2265,0,2,1,0.00000000000000,77,4,0,0,0,0),(2266,0,0,1,0.00000000000000,78,4,0,0,0,0),(2267,2,1,1,2.06840022611650,79,4,1,1,0,0),(2268,2,0,1,2.29807692307690,80,4,1,0,0,0),(2269,1,1,1,2.54285714285710,81,4,1,1,0,0),(2270,1,1,1,0.00000000000000,73,20,0,0,0,0),(2271,3,1,1,0.00000000000000,74,20,0,0,0,0),(2272,1,2,1,2.89473684210530,75,20,1,1,0,0),(2273,2,0,1,1.35127463289480,76,20,1,0,0,0),(2274,1,1,1,0.00000000000000,77,20,0,0,0,0),(2275,2,0,1,2.43759873617690,78,20,1,1,1,1),(2276,1,1,1,0.00000000000000,79,20,0,0,0,0),(2277,2,1,1,1.86538461538460,80,20,1,0,1,0),(2278,2,3,1,0.00000000000000,81,20,0,0,0,0),(2279,3,0,1,0.00000000000000,73,6,0,0,0,0),(2280,3,1,1,0.00000000000000,74,8,0,0,0,0),(2281,1,3,1,2.42105263157890,75,8,1,0,0,0),(2282,3,1,1,1.28740651782300,76,8,1,0,0,0),(2283,3,1,1,1.86255924170620,78,8,1,1,0,0),(2284,1,3,1,0.00000000000000,79,8,0,0,0,0),(2285,1,3,1,0.00000000000000,81,8,0,0,0,0),(2286,3,1,1,0.00000000000000,73,8,0,0,0,0),(2287,3,1,1,2.20401337792640,77,8,1,0,0,0),(2288,1,3,1,0.00000000000000,80,8,0,0,0,0),(2289,1,2,1,1.68354430379750,73,9,1,1,0,0),(2290,1,4,1,1.45569620253160,73,11,1,0,0,0),(2291,2,1,1,0.00000000000000,74,11,0,0,0,0),(2292,3,2,1,0.00000000000000,75,11,0,0,0,0),(2293,2,2,1,0.00000000000000,76,11,0,0,0,0),(2294,0,1,1,0.00000000000000,77,11,0,0,0,0),(2295,2,1,1,1.33175355450240,78,11,1,0,0,0),(2296,3,1,1,1.30525720746180,79,11,1,0,0,0),(2297,0,0,1,0.00000000000000,80,11,0,0,0,0),(2298,1,3,1,0.00000000000000,81,11,0,0,0,0),(2299,1,0,1,0.00000000000000,73,22,0,0,0,0),(2300,3,3,1,0.00000000000000,74,22,0,0,0,0),(2301,1,1,1,0.00000000000000,73,16,0,0,0,0),(2302,3,1,1,0.00000000000000,74,16,0,0,0,0),(2303,3,1,1,0.00000000000000,75,16,0,0,0,0),(2304,2,1,1,2.05382389868440,76,16,1,1,0,0),(2305,2,2,1,0.00000000000000,77,16,0,0,0,0),(2306,2,2,1,0.00000000000000,78,16,0,0,0,0),(2307,3,1,1,1.30525720746180,79,16,1,0,0,0),(2308,1,1,1,0.00000000000000,80,16,0,0,0,0),(2309,1,3,1,0.00000000000000,81,16,0,0,0,0),(2310,3,2,1,0.00000000000000,75,22,0,0,0,0),(2311,2,2,1,0.00000000000000,76,22,0,0,0,0),(2312,1,0,1,1.36120401337790,77,22,1,0,0,0),(2313,2,1,1,1.33175355450240,78,22,1,0,0,0),(2314,2,2,1,0.00000000000000,79,22,0,0,0,0),(2315,1,1,1,0.00000000000000,82,16,0,0,0,0),(2316,1,1,1,0.00000000000000,83,16,0,0,0,0),(2317,1,1,1,0.00000000000000,84,16,0,0,0,0),(2318,1,1,1,0.00000000000000,86,16,0,0,0,0),(2319,1,1,1,0.00000000000000,87,16,0,0,0,0),(2320,1,2,1,0.00000000000000,85,16,0,0,0,0),(2321,1,1,1,0.00000000000000,88,16,0,0,0,0),(2322,1,1,1,0.00000000000000,89,16,0,0,0,0),(2323,1,1,1,0.00000000000000,90,16,0,0,0,0),(2324,1,1,1,0.00000000000000,73,21,0,0,0,0),(2325,4,1,1,0.00000000000000,74,21,0,0,0,0),(2326,1,2,1,2.89473684210530,75,21,1,1,0,0),(2327,2,0,1,1.35127463289480,76,21,1,0,0,0),(2328,1,1,1,0.00000000000000,77,21,0,0,0,0),(2329,1,2,1,0.00000000000000,78,21,0,0,0,0),(2330,4,2,1,1.28490672696440,79,21,1,0,0,0),(2331,1,2,1,0.00000000000000,80,21,0,0,0,0),(2332,1,1,1,2.54285714285710,81,21,1,1,0,0),(2333,3,1,1,0.00000000000000,74,17,0,0,0,0),(2334,0,2,1,1.94736842105260,75,17,1,0,0,0),(2335,0,0,1,0.00000000000000,76,17,0,0,0,0),(2336,0,1,1,0.00000000000000,77,17,0,0,0,0),(2337,1,1,1,0.00000000000000,78,17,0,0,0,0),(2338,3,2,1,1.61051441492370,79,17,1,1,0,0),(2339,2,2,1,0.00000000000000,80,17,0,0,0,0),(2340,2,1,1,0.00000000000000,81,17,0,0,0,0),(2341,1,0,1,2.91672354948810,82,17,1,1,1,1),(2342,0,0,1,0.00000000000000,83,17,0,0,0,0),(2343,0,2,1,0.00000000000000,84,17,0,0,0,0),(2344,1,0,1,0.00000000000000,86,17,0,0,0,0),(2345,3,0,1,0.00000000000000,87,17,0,0,0,0),(2346,3,1,1,1.62705631894720,85,17,1,0,0,0),(2347,2,1,1,1.31395348837210,88,17,1,0,0,0),(2348,3,1,1,0.00000000000000,89,17,0,0,0,0),(2349,0,2,1,0.00000000000000,90,17,0,0,0,0),(2350,2,0,1,0.00000000000000,74,18,0,0,0,0),(2351,1,0,1,0.00000000000000,75,18,0,0,0,0),(2352,0,2,1,0.00000000000000,76,18,0,0,0,0),(2353,2,1,1,1.45150501672240,77,18,1,0,1,0),(2354,1,0,1,1.33175355450240,78,18,1,0,0,0),(2355,0,1,1,0.00000000000000,79,18,0,0,0,0),(2356,1,2,1,0.00000000000000,80,18,0,0,0,0),(2357,1,3,1,0.00000000000000,81,18,0,0,0,0),(2358,0,1,1,0.00000000000000,77,9,0,0,0,0),(2359,1,0,1,1.33175355450240,78,9,1,0,0,0),(2360,2,1,1,0.00000000000000,75,9,0,0,0,0),(2361,2,2,1,0.00000000000000,74,9,0,0,0,0),(2362,2,0,1,1.42736009044660,79,9,1,0,0,0),(2363,1,2,1,0.00000000000000,81,9,0,0,0,0),(2364,0,1,1,0.00000000000000,76,9,0,0,0,0),(2365,1,1,1,0.00000000000000,80,9,0,0,0,0),(2366,2,0,1,0.00000000000000,74,6,0,0,0,0),(2367,2,2,1,0.00000000000000,75,6,0,0,0,0),(2368,3,1,1,1.28740651782300,76,6,1,0,0,0),(2369,2,1,1,1.45150501672240,77,6,1,0,1,0),(2370,3,2,1,1.30805687203790,78,6,1,0,0,0),(2371,3,1,1,1.30525720746180,79,6,1,0,0,0),(2372,2,2,1,0.00000000000000,80,6,0,0,0,0),(2373,1,1,1,2.54285714285710,81,6,1,1,0,0),(2374,1,1,1,0.00000000000000,80,22,0,0,0,0),(2375,0,1,1,0.00000000000000,81,22,0,0,0,0),(2376,2,0,1,1.31945392491470,82,13,1,0,0,0),(2377,2,1,1,2.31250000000000,83,13,1,1,0,0),(2378,0,3,1,0.00000000000000,84,13,0,0,0,0),(2379,3,0,1,0.00000000000000,86,13,0,0,0,0),(2380,1,1,1,0.00000000000000,87,13,0,0,0,0),(2381,1,1,1,0.00000000000000,85,13,0,0,0,0),(2382,0,1,1,0.00000000000000,88,13,0,0,0,0),(2383,0,0,1,0.00000000000000,89,13,0,0,0,0),(2384,0,0,1,0.00000000000000,90,13,0,0,0,0),(2385,0,1,1,0.00000000000000,82,10,0,0,0,0),(2386,2,0,1,2.12500000000000,83,10,1,0,0,0),(2387,2,0,1,2.05882352941180,84,10,1,0,0,0),(2388,0,1,1,3.25000000000000,86,10,1,1,0,0),(2389,2,1,1,0.00000000000000,87,10,0,0,0,0),(2390,0,2,1,0.00000000000000,85,10,0,0,0,0),(2391,2,0,1,1.68023255813950,88,10,1,1,0,0),(2392,2,0,1,0.00000000000000,89,10,0,0,0,0),(2393,1,0,1,1.29670329670330,90,10,1,0,0,0),(2394,1,5,1,0.00000000000000,100,7,0,0,0,0),(2395,1,2,1,0.00000000000000,101,7,0,0,0,0),(2396,0,4,1,1.46210268948660,102,7,1,0,0,0),(2397,1,1,1,0.00000000000000,103,7,0,0,0,0),(2398,0,0,1,0.00000000000000,107,7,0,0,0,0),(2399,1,3,1,1.38861824623560,106,7,1,0,0,0),(2400,0,1,1,0.00000000000000,105,7,0,0,0,0),(2401,1,0,1,1.43373493975900,104,7,1,0,0,0),(2402,2,2,1,0.00000000000000,111,7,0,0,0,0),(2403,2,1,1,0.00000000000000,110,7,0,0,0,0),(2404,0,3,1,0.00000000000000,109,7,0,0,0,0),(2405,1,3,1,1.28125000000000,108,7,1,0,0,0),(2406,1,2,1,1.47619047619050,112,7,1,0,0,0),(2407,0,1,1,2.94845360824740,113,7,1,1,0,0),(2408,3,1,1,1.54665156449100,114,7,1,0,0,0),(2409,2,1,1,1.26272455089820,115,7,1,0,0,0),(2410,1,4,1,0.00000000000000,100,5,0,0,0,0),(2411,2,4,1,0.00000000000000,101,5,0,0,0,0),(2412,0,3,1,1.61613691931540,102,5,1,0,0,0),(2413,1,2,1,0.00000000000000,103,5,0,0,0,0),(2414,2,1,1,5.90909090909090,107,5,1,1,1,1),(2415,1,5,1,1.32883082373780,106,5,1,0,0,0),(2416,0,1,1,0.00000000000000,105,5,0,0,0,0),(2417,2,0,1,2.59036144578310,104,5,1,1,1,1),(2418,2,0,1,1.61270801815430,111,5,1,1,0,0),(2419,1,2,1,1.52258064516130,110,5,1,0,0,0),(2420,0,5,1,0.00000000000000,109,5,0,0,0,0),(2421,1,3,1,1.28125000000000,108,5,1,0,0,0),(2422,1,1,1,0.00000000000000,112,5,0,0,0,0),(2423,1,1,1,0.00000000000000,113,5,0,0,0,0),(2424,4,0,1,1.54665156449100,114,5,1,0,0,0),(2425,3,0,1,1.52544910179640,115,5,1,0,0,0),(2426,1,1,1,0.00000000000000,91,5,0,0,0,0),(2427,2,1,1,0.00000000000000,92,5,0,0,0,0),(2428,3,0,1,2.87500000000000,93,5,1,0,0,0),(2429,1,1,1,0.00000000000000,94,5,0,0,0,0),(2430,3,0,1,0.00000000000000,95,5,0,0,0,0),(2431,3,0,1,4.44680851063830,96,5,1,1,1,1),(2432,2,1,1,2.68750000000000,97,5,1,0,0,0),(2433,2,1,1,1.27157754603950,98,5,1,0,0,0),(2434,4,0,1,1.28401888064730,99,5,1,0,0,0),(2435,0,3,1,0.00000000000000,100,12,0,0,0,0),(2436,1,2,1,0.00000000000000,101,12,0,0,0,0),(2437,1,2,1,1.61613691931540,102,12,1,0,0,0),(2438,0,4,1,0.00000000000000,103,12,0,0,0,0),(2439,3,1,1,2.63636363636360,107,12,1,0,0,0),(2440,0,4,1,1.38861824623560,106,12,1,0,0,0),(2441,1,3,1,0.00000000000000,105,12,0,0,0,0),(2442,3,1,1,2.19277108433730,104,12,1,1,0,0),(2443,0,4,1,0.00000000000000,100,8,0,0,0,0),(2444,0,3,1,0.00000000000000,101,8,0,0,0,0),(2445,3,1,1,0.00000000000000,102,8,0,0,0,0),(2446,1,3,1,0.00000000000000,103,8,0,0,0,0),(2447,1,3,1,0.00000000000000,107,8,0,0,0,0),(2448,1,3,1,1.38861824623560,106,8,1,0,0,0),(2449,1,3,1,0.00000000000000,105,8,0,0,0,0),(2450,2,1,1,1.43373493975900,104,8,1,0,0,0),(2451,2,0,1,1.61270801815430,111,8,1,1,0,0),(2452,0,2,1,2.21935483870970,110,8,1,0,0,0),(2453,0,4,1,0.00000000000000,109,8,0,0,0,0),(2454,1,3,1,1.28125000000000,108,8,1,0,0,0),(2455,1,3,1,3.14285714285710,112,8,1,1,1,1),(2456,0,3,1,1.55670103092780,113,8,1,0,1,0),(2457,3,1,1,1.54665156449100,114,8,1,0,0,0),(2458,4,1,1,2.05089820359280,115,8,1,0,0,0),(2459,1,1,1,0.00000000000000,82,4,0,0,0,0),(2460,0,1,1,0.00000000000000,83,4,0,0,0,0),(2461,0,3,1,0.00000000000000,84,4,0,0,0,0),(2462,0,0,1,0.00000000000000,86,4,0,0,0,0),(2463,0,2,1,1.61096605744130,87,4,1,0,0,0),(2464,1,4,1,0.00000000000000,85,4,0,0,0,0),(2465,2,0,1,1.68023255813950,88,4,1,1,0,0),(2466,0,0,1,0.00000000000000,89,4,0,0,0,0),(2467,0,0,1,0.00000000000000,90,4,0,0,0,0),(2468,0,2,1,0.00000000000000,100,4,0,0,0,0),(2469,2,1,1,0.00000000000000,101,4,0,0,0,0),(2470,2,1,1,0.00000000000000,102,4,0,0,0,0),(2471,0,2,1,0.00000000000000,103,4,0,0,0,0),(2472,1,2,1,0.00000000000000,107,4,0,0,0,0),(2473,0,3,1,3.13740035429580,106,4,1,1,1,1),(2474,0,1,1,0.00000000000000,105,4,0,0,0,0),(2475,1,0,1,1.43373493975900,104,4,1,0,0,0),(2476,3,1,1,2.63388804841150,111,4,1,1,1,1),(2477,2,1,1,0.00000000000000,110,4,0,0,0,0),(2478,0,4,1,0.00000000000000,109,4,0,0,0,0),(2479,1,1,1,0.00000000000000,108,4,0,0,0,0),(2480,2,1,1,0.00000000000000,112,4,0,0,0,0),(2481,1,1,1,0.00000000000000,113,4,0,0,0,0),(2482,1,1,1,0.00000000000000,114,4,0,0,0,0),(2483,0,1,1,0.00000000000000,115,4,0,0,0,0),(2484,0,2,1,0.00000000000000,100,21,0,0,0,0),(2485,2,1,1,0.00000000000000,101,21,0,0,0,0),(2486,1,0,1,0.00000000000000,102,21,0,0,0,0),(2487,2,1,1,2.56521739130430,103,21,1,1,0,0),(2488,0,2,1,0.00000000000000,107,21,0,0,0,0),(2489,1,3,1,1.38861824623560,106,21,1,0,0,0),(2490,0,2,1,0.00000000000000,105,21,0,0,0,0),(2491,2,1,1,1.43373493975900,104,21,1,0,0,0),(2492,3,1,1,2.63388804841150,111,21,1,1,1,1),(2493,1,2,1,1.52258064516130,110,21,1,0,0,0),(2494,0,4,1,0.00000000000000,109,21,0,0,0,0),(2495,1,3,1,1.28125000000000,108,21,1,0,0,0),(2496,0,4,1,1.42857142857140,112,21,1,0,1,0),(2497,1,3,1,1.64948453608250,113,21,1,0,0,0),(2498,3,1,1,1.54665156449100,114,21,1,0,0,0),(2499,3,0,1,1.52544910179640,115,21,1,0,0,0),(2500,2,1,1,10.00000000000000,100,6,1,0,0,0),(2501,0,2,1,0.00000000000000,101,6,0,0,0,0),(2502,0,1,1,1.61613691931540,102,6,1,0,0,0),(2503,2,0,1,2.17391304347830,103,6,1,0,0,0),(2504,1,1,1,0.00000000000000,107,6,0,0,0,0),(2505,0,3,1,3.13740035429580,106,6,1,1,1,1),(2506,1,2,1,0.00000000000000,105,6,0,0,0,0),(2507,2,0,1,2.59036144578310,104,6,1,1,1,1),(2508,3,2,1,1.54462934947050,111,6,1,0,0,0),(2509,1,4,1,4.65806451612900,110,6,1,1,0,0),(2510,0,3,1,0.00000000000000,109,6,0,0,0,0),(2511,0,2,1,1.56250000000000,108,6,1,0,0,0),(2512,1,2,1,1.47619047619050,112,6,1,0,0,0),(2513,2,1,1,0.00000000000000,113,6,0,0,0,0),(2514,3,0,1,2.45773750530940,114,6,1,1,0,0),(2515,4,0,1,4.15269461077840,115,6,1,1,0,0),(2516,0,2,1,0.00000000000000,100,9,0,0,0,0),(2517,1,3,1,0.00000000000000,101,9,0,0,0,0),(2518,0,1,1,0.00000000000000,103,9,0,0,0,0),(2519,2,1,1,1.47918088737200,82,22,1,1,0,0),(2520,0,2,1,0.00000000000000,111,14,0,0,0,0),(2521,2,1,1,0.00000000000000,110,14,0,0,0,0),(2522,2,1,1,0.00000000000000,109,14,0,0,0,0),(2523,2,0,1,0.00000000000000,108,14,0,0,0,0),(2524,2,1,1,0.00000000000000,112,14,0,0,0,0),(2525,2,1,1,0.00000000000000,113,14,0,0,0,0),(2526,0,1,1,0.00000000000000,114,14,0,0,0,0),(2527,2,3,1,0.00000000000000,115,14,0,0,0,0),(2528,1,3,1,0.00000000000000,100,1,0,0,0,0),(2529,0,1,1,0.00000000000000,101,1,0,0,0,0),(2530,3,2,1,0.00000000000000,102,1,0,0,0,0),(2531,1,2,1,0.00000000000000,103,1,0,0,0,0),(2532,2,2,1,0.00000000000000,107,1,0,0,0,0),(2533,1,3,1,1.38861824623560,106,1,1,0,0,0),(2534,0,1,1,0.00000000000000,105,1,0,0,0,0),(2535,2,1,1,1.43373493975900,104,1,1,0,0,0),(2536,2,0,1,1.61270801815430,111,1,1,1,0,0),(2537,1,2,1,1.52258064516130,110,1,1,0,0,0),(2538,1,4,1,0.00000000000000,109,1,0,0,0,0),(2539,0,1,1,4.37500000000000,108,1,1,1,1,1),(2540,0,3,1,1.47619047619050,112,1,1,0,0,0),(2541,1,3,1,1.64948453608250,113,1,1,0,0,0),(2542,2,0,1,1.39756477417530,114,1,1,0,0,0),(2543,3,1,1,1.39408682634730,115,1,1,0,0,0),(2544,2,3,1,1.52811735941320,102,9,1,0,0,0),(2545,2,2,1,0.00000000000000,107,9,0,0,0,0),(2546,1,2,1,1.28498671390610,106,9,1,0,1,0),(2547,1,3,1,0.00000000000000,105,9,0,0,0,0),(2548,2,2,1,0.00000000000000,104,9,0,0,0,0),(2549,2,0,1,1.61270801815430,111,12,1,1,0,0),(2550,1,2,1,1.52258064516130,110,12,1,0,0,0),(2551,0,3,1,0.00000000000000,109,12,0,0,0,0),(2552,1,2,1,2.12500000000000,108,12,1,1,0,0),(2553,0,3,1,1.47619047619050,112,12,1,0,0,0),(2554,1,1,1,0.00000000000000,113,12,0,0,0,0),(2555,3,0,1,2.45773750530940,114,12,1,1,0,0),(2556,3,1,1,1.39408682634730,115,12,1,0,0,0),(2557,1,3,1,0.00000000000000,111,18,0,0,0,0),(2558,0,1,1,1.40645161290320,110,18,1,0,0,0),(2559,0,3,1,0.00000000000000,109,18,0,0,0,0),(2560,1,3,1,1.28125000000000,108,18,1,0,0,0),(2561,1,2,1,1.47619047619050,112,18,1,0,0,0),(2562,2,1,1,0.00000000000000,113,18,0,0,0,0),(2563,1,0,1,1.33640096276370,114,18,1,0,0,0),(2564,1,0,1,1.24251497005990,115,18,1,0,0,0),(2565,2,2,1,0.00000000000000,111,9,0,0,0,0),(2566,1,1,1,0.00000000000000,110,9,0,0,0,0),(2567,1,4,1,0.00000000000000,109,9,0,0,0,0),(2568,1,3,1,1.28125000000000,108,9,1,0,0,0),(2569,2,1,1,0.00000000000000,112,9,0,0,0,0),(2570,0,2,1,1.64948453608250,113,9,1,0,0,0),(2571,3,0,1,2.45773750530940,114,9,1,1,0,0),(2572,2,1,1,1.26272455089820,115,9,1,0,0,0),(2573,3,0,1,1.23959044368600,82,23,1,0,0,0),(2574,1,2,1,0.00000000000000,83,23,0,0,0,0),(2575,1,1,1,0.00000000000000,84,23,0,0,0,0),(2576,3,1,1,0.00000000000000,86,23,0,0,0,0),(2577,1,2,1,1.32898172323760,87,23,1,0,0,0),(2578,1,2,1,0.00000000000000,85,23,0,0,0,0),(2579,2,2,1,0.00000000000000,88,23,0,0,0,0),(2580,1,2,1,2.01886792452830,89,23,1,1,0,0),(2581,2,2,1,0.00000000000000,90,23,0,0,0,0),(2582,1,1,1,0.00000000000000,82,14,0,0,0,0),(2583,2,3,1,0.00000000000000,83,14,0,0,0,0),(2584,1,1,1,0.00000000000000,84,14,0,0,0,0),(2585,3,1,1,0.00000000000000,86,14,0,0,0,0),(2586,1,2,1,1.32898172323760,87,14,1,0,0,0),(2587,1,2,1,0.00000000000000,85,14,0,0,0,0),(2588,3,2,1,1.31395348837210,88,14,1,0,0,0),(2589,2,1,1,0.00000000000000,89,14,0,0,0,0),(2590,2,1,1,1.39560439560440,90,14,1,0,0,0),(2591,2,1,1,1.47918088737200,82,24,1,1,0,0),(2592,2,1,1,2.31250000000000,83,24,1,1,0,0),(2593,1,2,1,0.00000000000000,84,24,0,0,0,0),(2594,2,1,1,0.00000000000000,86,24,0,0,0,0),(2595,1,1,1,0.00000000000000,87,24,0,0,0,0),(2596,1,2,1,0.00000000000000,85,24,0,0,0,0),(2597,1,1,1,0.00000000000000,88,24,0,0,0,0),(2598,2,1,1,0.00000000000000,89,24,0,0,0,0),(2599,1,1,1,0.00000000000000,90,24,0,0,0,0),(2600,1,1,1,0.00000000000000,82,12,0,0,0,0),(2601,1,2,1,0.00000000000000,83,12,0,0,0,0),(2602,1,3,1,0.00000000000000,84,12,0,0,0,0),(2603,3,1,1,0.00000000000000,86,12,0,0,0,0),(2604,0,2,1,1.61096605744130,87,12,1,0,0,0),(2605,3,1,1,1.62705631894720,85,12,1,0,0,0),(2606,1,2,1,0.00000000000000,88,12,0,0,0,0),(2607,2,1,1,0.00000000000000,89,12,0,0,0,0),(2608,2,1,1,1.39560439560440,90,12,1,0,0,0),(2609,1,2,1,0.00000000000000,82,18,0,0,0,0),(2610,2,1,1,2.31250000000000,83,18,1,1,0,0),(2611,1,0,1,3.64705882352940,84,18,1,1,1,1),(2612,2,0,1,0.00000000000000,86,18,0,0,0,0),(2613,1,1,1,0.00000000000000,87,18,0,0,0,0),(2614,1,1,1,0.00000000000000,85,18,0,0,0,0),(2615,2,0,1,1.68023255813950,88,18,1,1,0,0),(2616,1,3,1,1.84905660377360,89,18,1,0,0,0),(2617,1,0,1,1.29670329670330,90,18,1,0,0,0),(2618,3,1,1,1.29488054607510,82,8,1,0,0,0),(2619,2,2,1,0.00000000000000,83,8,0,0,0,0),(2620,1,3,1,2.42558746736290,87,8,1,0,1,0),(2621,1,0,1,3.19469711631510,85,8,1,1,0,0),(2622,3,1,1,3.04069767441860,88,8,1,1,1,1),(2623,3,1,1,0.00000000000000,89,8,0,0,0,0),(2624,3,1,1,4.56043956043960,90,8,1,1,1,1),(2625,2,2,1,0.00000000000000,86,8,0,0,0,0),(2626,0,0,1,0.00000000000000,84,8,0,0,0,0),(2627,2,1,1,1.47918088737200,82,1,1,1,0,0),(2628,0,2,1,0.00000000000000,83,1,0,0,0,0),(2629,2,3,1,0.00000000000000,84,1,0,0,0,0),(2630,1,2,1,4.37500000000000,86,1,1,1,1,1),(2631,1,2,1,1.32898172323760,87,1,1,0,0,0),(2632,2,2,1,0.00000000000000,85,1,0,0,0,0),(2633,3,1,1,3.04069767441860,88,1,1,1,1,1),(2634,2,1,1,0.00000000000000,89,1,0,0,0,0),(2635,1,1,1,0.00000000000000,90,1,0,0,0,0),(2636,1,1,1,0.00000000000000,83,22,0,0,0,0),(2637,1,0,1,3.64705882352940,84,22,1,1,1,1),(2638,2,1,1,0.00000000000000,86,22,0,0,0,0),(2639,4,4,1,0.00000000000000,87,22,0,0,0,0),(2640,1,0,1,3.19469711631510,85,22,1,1,0,0),(2641,2,2,1,0.00000000000000,88,22,0,0,0,0),(2642,2,0,1,1.31945392491470,82,21,1,0,0,0),(2643,1,1,1,0.00000000000000,83,21,0,0,0,0),(2644,1,3,1,0.00000000000000,84,21,0,0,0,0),(2645,3,1,1,0.00000000000000,86,21,0,0,0,0),(2646,1,3,1,2.42558746736290,87,21,1,0,1,0),(2647,1,1,1,0.00000000000000,85,21,0,0,0,0),(2648,2,1,1,1.31395348837210,88,21,1,0,0,0),(2649,1,0,1,0.00000000000000,89,21,0,0,0,0),(2650,2,1,1,1.39560439560440,90,21,1,0,0,0),(2651,1,0,1,2.91672354948810,82,11,1,1,1,1),(2652,2,1,1,1.47918088737200,82,20,1,1,0,0),(2653,2,1,1,2.31250000000000,83,20,1,1,0,0),(2654,0,2,1,0.00000000000000,84,20,0,0,0,0),(2655,2,0,1,0.00000000000000,86,20,0,0,0,0),(2656,0,1,1,1.30548302872060,87,20,1,0,0,0),(2657,4,2,1,1.54867427907880,85,20,1,0,0,0),(2658,1,1,1,0.00000000000000,88,20,0,0,0,0),(2659,0,0,1,0.00000000000000,89,20,0,0,0,0),(2660,2,1,1,1.39560439560440,90,20,1,0,0,0),(2661,1,1,1,0.00000000000000,82,9,0,0,0,0),(2662,2,1,1,2.31250000000000,83,9,1,1,0,0),(2663,2,1,1,2.32352941176470,84,9,1,1,0,0),(2664,3,1,1,0.00000000000000,86,9,0,0,0,0),(2665,0,2,1,1.61096605744130,87,9,1,0,0,0),(2666,3,1,1,1.62705631894720,85,9,1,0,0,0),(2667,3,0,1,1.23959044368600,82,6,1,0,0,0),(2668,1,1,1,0.00000000000000,83,6,0,0,0,0),(2669,2,2,1,0.00000000000000,84,6,0,0,0,0),(2670,1,1,1,0.00000000000000,86,6,0,0,0,0),(2671,2,0,1,0.00000000000000,87,6,0,0,0,0),(2672,0,0,1,0.00000000000000,85,6,0,0,0,0),(2673,3,2,1,1.31395348837210,88,6,1,0,0,0),(2674,1,2,1,2.01886792452830,89,6,1,1,0,0),(2675,3,0,1,1.39560439560440,90,6,1,0,0,0),(2676,1,1,1,0.00000000000000,83,11,0,0,0,0),(2677,0,2,1,0.00000000000000,84,11,0,0,0,0),(2678,3,1,1,0.00000000000000,86,11,0,0,0,0),(2679,1,2,1,1.32898172323760,87,11,1,0,0,0),(2680,1,2,1,0.00000000000000,85,11,0,0,0,0),(2681,2,1,1,1.31395348837210,88,11,1,0,0,0),(2682,2,2,1,0.00000000000000,89,11,0,0,0,0),(2683,2,1,1,1.39560439560440,90,11,1,0,0,0),(2684,3,1,1,1.62705631894720,85,3,1,0,0,0),(2685,2,1,1,1.31395348837210,88,3,1,0,0,0),(2686,1,2,1,2.01886792452830,89,3,1,1,0,0),(2687,2,2,1,0.00000000000000,90,3,0,0,0,0),(2688,1,1,1,0.00000000000000,83,3,0,0,0,0),(2689,0,2,1,0.00000000000000,84,3,0,0,0,0),(2690,2,0,1,0.00000000000000,86,3,0,0,0,0),(2691,1,2,1,1.32898172323760,87,3,1,0,0,0),(2692,1,0,1,0.00000000000000,89,22,0,0,0,0),(2693,2,1,1,1.39560439560440,90,22,1,0,0,0),(2694,2,1,1,1.31395348837210,88,9,1,0,0,0),(2695,2,0,1,0.00000000000000,89,9,0,0,0,0),(2696,1,1,1,0.00000000000000,90,9,0,0,0,0),(2697,1,0,1,0.00000000000000,91,10,0,0,0,0),(2698,1,0,1,0.00000000000000,92,10,0,0,0,0),(2699,0,1,1,0.00000000000000,93,10,0,0,0,0),(2700,0,1,1,2.55172413793100,94,10,1,1,0,0),(2701,0,1,1,0.00000000000000,95,10,0,0,0,0),(2702,2,0,1,1.86170212765960,96,10,1,0,0,0),(2703,1,0,1,2.68750000000000,97,10,1,0,0,0),(2704,0,2,1,0.00000000000000,98,10,0,0,0,0),(2705,1,0,1,2.32542144302090,99,10,1,1,1,1),(2706,3,1,1,0.00000000000000,91,8,0,0,0,0),(2707,2,0,1,0.00000000000000,91,15,0,0,0,0),(2708,1,6,1,1.32987929228900,92,15,1,0,0,0),(2709,0,2,1,0.00000000000000,93,15,0,0,0,0),(2710,0,2,1,2.24137931034480,94,15,1,0,0,0),(2711,2,0,1,0.00000000000000,95,15,0,0,0,0),(2712,0,2,1,0.00000000000000,96,15,0,0,0,0),(2713,1,1,1,0.00000000000000,97,15,0,0,0,0),(2714,3,0,1,1.27157754603950,98,15,1,0,0,0),(2715,2,1,1,1.66271072151050,99,15,1,1,0,0),(2716,2,0,1,0.00000000000000,91,14,0,0,0,0),(2717,1,5,1,2.48445681530070,92,14,1,1,0,0),(2718,3,2,1,2.50000000000000,93,14,1,0,0,0),(2719,1,0,1,0.00000000000000,94,14,0,0,0,0),(2720,2,2,1,2.50000000000000,95,14,1,1,0,0),(2721,1,1,1,0.00000000000000,96,14,0,0,0,0),(2722,3,2,1,2.12500000000000,97,14,1,0,0,0),(2723,4,1,1,1.23962724650540,98,14,1,0,0,0),(2724,3,1,1,1.33135536075520,99,14,1,0,0,0),(2725,3,0,1,0.00000000000000,91,23,0,0,0,0),(2726,0,3,1,1.37111420382520,92,23,1,0,0,0),(2727,0,2,1,0.00000000000000,93,23,0,0,0,0),(2728,3,1,1,0.00000000000000,94,23,0,0,0,0),(2729,3,1,1,0.00000000000000,95,23,0,0,0,0),(2730,2,2,1,0.00000000000000,96,23,0,0,0,0),(2731,0,0,1,0.00000000000000,97,23,0,0,0,0),(2732,3,1,1,1.50920789882410,98,23,1,1,0,0),(2733,2,0,1,1.44180714767360,99,23,1,0,0,0),(2734,1,1,1,0.00000000000000,91,12,0,0,0,0),(2735,0,2,1,1.15625861213690,92,12,1,0,0,0),(2736,1,2,1,0.00000000000000,93,12,0,0,0,0),(2737,2,0,1,0.00000000000000,94,12,0,0,0,0),(2738,2,1,1,0.00000000000000,95,12,0,0,0,0),(2739,2,1,1,1.43085106382980,96,12,1,0,1,0),(2740,2,1,1,2.68750000000000,97,12,1,0,0,0),(2741,2,1,1,1.27157754603950,98,12,1,0,0,0),(2742,1,1,1,0.00000000000000,99,12,0,0,0,0),(2743,0,0,1,0.00000000000000,91,4,0,0,0,0),(2744,0,2,1,1.15625861213690,92,4,1,0,0,0),(2745,1,1,1,0.00000000000000,93,4,0,0,0,0),(2746,1,0,1,0.00000000000000,94,4,0,0,0,0),(2747,0,1,1,0.00000000000000,95,4,0,0,0,0),(2748,0,0,1,0.00000000000000,96,4,0,0,0,0),(2749,1,1,1,0.00000000000000,97,4,0,0,0,0),(2750,2,0,1,2.35788773019750,98,4,1,1,1,1),(2751,4,1,1,1.30586648685100,99,4,1,0,0,0),(2752,2,2,1,0.00000000000000,116,4,0,0,0,0),(2753,0,2,1,0.00000000000000,117,4,0,0,0,0),(2754,2,0,1,0.00000000000000,118,4,0,0,0,0),(2755,0,0,1,1.49315068493150,119,4,1,1,0,0),(2756,0,2,1,1.94689378757520,120,4,1,1,0,0),(2757,0,4,1,0.00000000000000,121,4,0,0,0,0),(2758,0,0,1,0.00000000000000,124,4,0,0,0,0),(2759,2,2,1,0.00000000000000,122,4,0,0,0,0),(2760,1,0,1,0.00000000000000,123,4,0,0,0,0),(2761,1,0,1,0.00000000000000,91,6,0,0,0,0),(2762,0,4,1,3.96891363060130,92,8,1,1,1,1),(2763,0,0,1,0.00000000000000,93,8,0,0,0,0),(2764,3,1,1,0.00000000000000,94,8,0,0,0,0),(2765,3,1,1,0.00000000000000,95,8,0,0,0,0),(2766,3,1,1,1.86170212765960,96,8,1,0,0,0),(2767,2,2,1,0.00000000000000,97,8,0,0,0,0),(2768,3,1,1,1.50920789882410,98,8,1,1,0,0),(2769,0,0,1,0.00000000000000,99,8,0,0,0,0),(2770,2,2,1,0.00000000000000,91,3,0,0,0,0),(2771,0,2,1,1.15625861213690,92,3,1,0,0,0),(2772,0,1,1,0.00000000000000,93,3,0,0,0,0),(2773,2,1,1,0.00000000000000,94,3,0,0,0,0),(2774,2,1,1,0.00000000000000,95,3,0,0,0,0),(2775,1,1,1,0.00000000000000,96,3,0,0,0,0),(2776,1,1,1,0.00000000000000,97,3,0,0,0,0),(2777,2,0,1,2.35788773019750,98,3,1,1,1,1),(2778,2,1,1,1.66271072151050,99,3,1,1,0,0),(2779,1,1,1,0.00000000000000,91,18,0,0,0,0),(2780,0,3,1,1.37111420382520,92,18,1,0,0,0),(2781,1,0,1,2.87500000000000,93,18,1,0,0,0),(2782,1,2,1,3.06896551724140,94,18,1,1,0,0),(2783,2,0,1,0.00000000000000,95,18,0,0,0,0),(2784,0,2,1,0.00000000000000,96,18,0,0,0,0),(2785,1,3,1,0.00000000000000,97,18,0,0,0,0),(2786,2,1,1,1.27157754603950,98,18,1,0,0,0),(2787,1,0,1,2.32542144302090,99,18,1,1,1,1),(2788,2,1,1,0.00000000000000,91,1,0,0,0,0),(2789,1,3,1,1.21206525932870,92,1,1,0,1,0),(2790,1,1,1,0.00000000000000,93,1,0,0,0,0),(2791,3,1,1,0.00000000000000,94,1,0,0,0,0),(2792,3,2,1,0.00000000000000,95,1,0,0,0,0),(2793,2,1,1,1.43085106382980,96,1,1,0,1,0),(2794,3,2,1,2.12500000000000,97,1,1,0,0,0),(2795,3,0,1,1.27157754603950,98,1,1,0,0,0),(2796,1,2,1,0.00000000000000,99,1,0,0,0,0),(2797,2,1,1,0.00000000000000,91,21,0,0,0,0),(2798,0,2,1,1.15625861213690,92,21,1,0,0,0),(2799,1,1,1,0.00000000000000,93,21,0,0,0,0),(2800,2,1,1,0.00000000000000,94,21,0,0,0,0),(2801,3,1,1,0.00000000000000,95,21,0,0,0,0),(2802,2,1,1,1.43085106382980,96,21,1,0,1,0),(2803,1,2,1,0.00000000000000,97,21,0,0,0,0),(2804,3,1,1,1.50920789882410,98,21,1,1,0,0),(2805,1,1,1,0.00000000000000,99,21,0,0,0,0),(2806,3,0,1,1.87096774193550,116,5,1,0,0,0),(2807,1,2,1,0.00000000000000,117,5,0,0,0,0),(2808,1,2,1,7.00000000000000,118,5,1,0,0,0),(2809,2,2,1,2.64383561643840,119,5,1,1,1,1),(2810,1,0,1,0.00000000000000,120,5,0,0,0,0),(2811,0,3,1,0.00000000000000,121,5,0,0,0,0),(2812,0,2,1,2.12500000000000,124,5,1,0,0,0),(2813,1,1,1,0.00000000000000,122,5,0,0,0,0),(2814,3,1,1,0.00000000000000,123,5,0,0,0,0),(2815,1,2,0,NULL,125,5,0,0,0,0),(2816,1,0,0,NULL,126,5,0,0,0,0),(2817,1,0,0,NULL,127,5,0,0,0,0),(2818,2,1,0,NULL,128,5,0,0,0,0),(2819,2,1,0,NULL,129,5,0,0,0,0),(2820,0,1,0,NULL,130,5,0,0,0,0),(2821,2,1,0,NULL,131,5,0,0,0,0),(2822,1,0,0,NULL,132,5,0,0,0,0),(2823,2,1,0,NULL,133,5,0,0,0,0),(2824,1,1,1,0.00000000000000,91,9,0,0,0,0),(2825,0,2,1,7.00000000000000,91,17,1,1,1,1),(2826,0,3,1,1.37111420382520,92,17,1,0,0,0),(2827,1,1,1,0.00000000000000,93,17,0,0,0,0),(2828,1,2,1,3.06896551724140,94,17,1,1,0,0),(2829,2,0,1,0.00000000000000,95,17,0,0,0,0),(2830,0,1,1,0.00000000000000,96,17,0,0,0,0),(2831,0,0,1,0.00000000000000,97,17,0,0,0,0),(2832,3,1,1,1.50920789882410,98,17,1,1,0,0),(2833,1,1,1,0.00000000000000,99,17,0,0,0,0),(2834,4,1,1,1.87096774193550,116,17,1,0,0,0),(2835,1,0,1,2.56521739130430,117,17,1,1,0,0),(2836,2,0,1,0.00000000000000,118,17,0,0,0,0),(2837,1,1,1,1.61643835616440,119,17,1,1,0,0),(2838,1,2,1,1.31563126252510,120,17,1,0,0,0),(2839,1,3,1,0.00000000000000,121,17,0,0,0,0),(2840,0,2,1,2.12500000000000,124,17,1,0,0,0),(2841,0,1,1,0.00000000000000,122,17,0,0,0,0),(2842,1,2,1,1.64800000000000,123,17,1,1,0,0),(2843,1,1,1,0.00000000000000,91,24,0,0,0,0),(2844,1,3,1,1.21206525932870,92,24,1,0,1,0),(2845,1,2,1,0.00000000000000,93,24,0,0,0,0),(2846,1,2,1,3.06896551724140,94,24,1,1,0,0),(2847,1,1,1,2.87500000000000,95,24,1,1,0,0),(2848,2,1,1,1.43085106382980,96,24,1,0,1,0),(2849,1,1,1,0.00000000000000,97,24,0,0,0,0),(2850,1,2,1,0.00000000000000,98,24,0,0,0,0),(2851,3,1,1,1.33135536075520,99,24,1,0,0,0),(2852,2,1,1,0.00000000000000,91,22,0,0,0,0),(2853,1,1,1,0.00000000000000,91,11,0,0,0,0),(2854,1,3,1,1.21206525932870,92,11,1,0,1,0),(2855,1,2,1,0.00000000000000,93,11,0,0,0,0),(2856,3,1,1,0.00000000000000,94,11,0,0,0,0),(2857,2,1,1,0.00000000000000,95,11,0,0,0,0),(2858,1,2,1,0.00000000000000,96,11,0,0,0,0),(2859,0,1,1,0.00000000000000,97,11,0,0,0,0),(2860,0,2,1,1.15625861213690,92,22,1,0,0,0),(2861,0,2,1,0.00000000000000,93,22,0,0,0,0),(2862,1,1,1,0.00000000000000,94,22,0,0,0,0),(2863,1,1,1,2.87500000000000,95,22,1,1,0,0),(2864,1,1,1,0.00000000000000,96,22,0,0,0,0),(2865,3,3,1,0.00000000000000,97,22,0,0,0,0),(2866,0,1,1,0.00000000000000,98,22,0,0,0,0),(2867,0,3,1,1.37111420382520,92,6,1,0,0,0),(2868,1,2,1,0.00000000000000,93,6,0,0,0,0),(2869,2,0,1,0.00000000000000,94,6,0,0,0,0),(2870,3,2,1,0.00000000000000,95,6,0,0,0,0),(2871,4,1,1,2.72340425531910,96,6,1,1,0,0),(2872,3,3,1,0.00000000000000,97,6,0,0,0,0),(2873,4,1,1,1.23962724650540,98,6,1,0,0,0),(2874,3,1,1,1.33135536075520,99,6,1,0,0,0),(2875,1,3,1,1.21206525932870,92,20,1,0,1,0),(2876,1,0,1,2.87500000000000,93,20,1,0,0,0),(2877,2,0,1,0.00000000000000,94,20,0,0,0,0),(2878,2,0,1,0.00000000000000,95,20,0,0,0,0),(2879,1,1,1,0.00000000000000,96,20,0,0,0,0),(2880,0,1,1,0.00000000000000,97,20,0,0,0,0),(2881,2,0,1,2.35788773019750,98,20,1,1,1,1),(2882,2,0,1,1.44180714767360,99,20,1,0,0,0),(2883,0,3,1,1.37111420382520,92,9,1,0,0,0),(2884,1,2,1,0.00000000000000,93,9,0,0,0,0),(2885,2,1,1,0.00000000000000,94,9,0,0,0,0),(2886,3,1,1,0.00000000000000,95,9,0,0,0,0),(2887,2,2,1,0.00000000000000,96,9,0,0,0,0),(2888,1,2,1,0.00000000000000,97,9,0,0,0,0),(2889,1,2,1,0.00000000000000,98,9,0,0,0,0),(2890,2,3,1,0.00000000000000,99,9,0,0,0,0),(2891,0,1,1,0.00000000000000,99,22,0,0,0,0),(2892,1,0,1,1.27157754603950,98,11,1,0,0,0),(2893,1,0,1,2.32542144302090,99,11,1,1,1,1),(2894,0,1,1,0.00000000000000,116,10,0,0,0,0),(2895,2,1,1,3.34782608695650,117,10,1,1,0,0),(2896,0,1,1,4.00000000000000,118,10,1,0,0,0),(2897,2,1,1,0.00000000000000,119,10,0,0,0,0),(2898,2,1,1,0.00000000000000,120,10,0,0,0,0),(2899,1,0,1,0.00000000000000,121,10,0,0,0,0),(2900,0,2,1,2.12500000000000,124,10,1,0,0,0),(2901,2,1,1,1.50000000000000,122,10,1,0,0,0),(2902,2,2,1,0.00000000000000,123,10,0,0,0,0),(2903,1,2,1,0.00000000000000,116,23,0,0,0,0),(2904,1,3,1,0.00000000000000,117,23,0,0,0,0),(2905,3,0,1,0.00000000000000,118,23,0,0,0,0),(2906,2,0,1,0.00000000000000,119,23,0,0,0,0),(2907,0,4,1,1.25250501002000,120,23,1,0,1,0),(2908,1,4,1,0.00000000000000,121,23,0,0,0,0),(2909,2,1,1,0.00000000000000,124,23,0,0,0,0),(2910,3,1,1,3.00000000000000,122,23,1,1,0,0),(2911,2,1,1,0.00000000000000,123,23,0,0,0,0),(2912,3,0,1,1.87096774193550,116,12,1,0,0,0),(2913,1,2,1,0.00000000000000,117,12,0,0,0,0),(2914,2,0,1,0.00000000000000,118,12,0,0,0,0),(2915,2,1,1,0.00000000000000,119,12,0,0,0,0),(2916,1,3,1,2.89378757515030,120,12,1,1,1,1),(2917,2,0,1,0.00000000000000,121,12,0,0,0,0),(2918,2,2,1,0.00000000000000,124,12,0,0,0,0),(2919,1,0,1,1.50000000000000,122,12,1,0,0,0),(2920,2,1,1,0.00000000000000,123,12,0,0,0,0),(2921,5,0,1,1.87096774193550,116,15,1,0,0,0),(2922,1,1,1,0.00000000000000,117,15,0,0,0,0),(2923,2,0,1,0.00000000000000,118,15,0,0,0,0),(2924,2,0,1,0.00000000000000,119,15,0,0,0,0),(2925,0,2,1,1.94689378757520,120,15,1,1,0,0),(2926,1,1,1,5.50000000000000,121,15,1,1,0,0),(2927,2,0,1,0.00000000000000,124,15,0,0,0,0),(2928,1,1,1,0.00000000000000,122,15,0,0,0,0),(2929,1,1,1,0.00000000000000,123,15,0,0,0,0),(2930,5,2,1,1.72580645161290,116,1,1,0,0,0),(2931,1,2,1,0.00000000000000,117,1,0,0,0,0),(2932,3,1,1,0.00000000000000,118,1,0,0,0,0),(2933,0,1,1,0.00000000000000,119,1,0,0,0,0),(2934,1,2,1,1.31563126252510,120,1,1,0,0,0),(2935,0,2,1,0.00000000000000,121,1,0,0,0,0),(2936,0,1,1,3.81250000000000,124,1,1,1,0,0),(2937,2,2,1,0.00000000000000,122,1,0,0,0,0),(2938,1,2,1,1.64800000000000,123,1,1,1,0,0),(2939,3,0,1,1.87096774193550,116,13,1,0,0,0),(2940,2,0,1,1.78260869565220,117,13,1,0,0,0),(2941,1,1,1,0.00000000000000,118,13,0,0,0,0),(2942,0,1,1,0.00000000000000,119,13,0,0,0,0),(2943,2,2,1,0.00000000000000,120,13,0,0,0,0),(2944,1,0,1,0.00000000000000,121,13,0,0,0,0),(2945,0,0,1,0.00000000000000,124,13,0,0,0,0),(2946,1,1,1,0.00000000000000,122,13,0,0,0,0),(2947,0,1,1,2.72800000000000,123,13,1,1,1,1),(2948,2,1,1,1.24193548387100,116,24,1,0,0,0),(2949,2,1,1,3.34782608695650,117,24,1,1,0,0),(2950,2,1,1,0.00000000000000,118,24,0,0,0,0),(2951,1,1,1,1.61643835616440,119,24,1,1,0,0),(2952,2,1,1,0.00000000000000,120,24,0,0,0,0),(2953,1,2,1,0.00000000000000,121,24,0,0,0,0),(2954,1,1,1,0.00000000000000,124,24,0,0,0,0),(2955,1,2,1,0.00000000000000,122,24,0,0,0,0),(2956,2,1,1,0.00000000000000,123,24,0,0,0,0),(2957,3,1,1,1.43548387096770,116,8,1,0,1,0),(2958,3,1,1,2.17391304347830,117,8,1,0,0,0),(2959,2,0,1,0.00000000000000,118,8,0,0,0,0),(2960,0,1,1,0.00000000000000,119,8,0,0,0,0),(2961,0,3,1,1.31563126252510,120,8,1,0,0,0),(2962,1,3,1,0.00000000000000,121,8,0,0,0,0),(2963,1,0,1,0.00000000000000,124,8,0,0,0,0),(2964,1,0,1,1.50000000000000,122,8,1,0,0,0),(2965,0,1,1,2.72800000000000,123,8,1,1,1,1),(2966,2,0,1,1.29032258064520,116,3,1,0,0,0),(2967,1,2,1,0.00000000000000,117,3,0,0,0,0),(2968,2,0,1,0.00000000000000,118,3,0,0,0,0),(2969,1,1,1,1.61643835616440,119,3,1,1,0,0),(2970,2,2,1,0.00000000000000,120,3,0,0,0,0),(2971,1,2,1,0.00000000000000,121,3,0,0,0,0),(2972,1,1,1,0.00000000000000,124,3,0,0,0,0),(2973,2,0,1,5.00000000000000,122,3,1,1,1,1),(2974,1,2,1,1.64800000000000,123,3,1,1,0,0),(2975,1,1,1,0.00000000000000,116,21,0,0,0,0),(2976,1,2,1,0.00000000000000,117,21,0,0,0,0),(2977,2,0,1,0.00000000000000,118,21,0,0,0,0),(2978,2,1,1,0.00000000000000,119,21,0,0,0,0),(2979,1,3,1,2.89378757515030,120,21,1,1,1,1),(2980,1,4,1,0.00000000000000,121,21,0,0,0,0),(2981,0,0,1,0.00000000000000,124,21,0,0,0,0),(2982,0,1,1,0.00000000000000,122,21,0,0,0,0),(2983,2,1,1,0.00000000000000,123,21,0,0,0,0),(2984,3,1,1,1.43548387096770,116,18,1,0,1,0),(2985,1,2,1,0.00000000000000,117,18,0,0,0,0),(2986,2,1,1,0.00000000000000,118,18,0,0,0,0),(2987,1,3,1,0.00000000000000,119,18,0,0,0,0),(2988,1,2,1,1.31563126252510,120,18,1,0,0,0),(2989,0,1,1,0.00000000000000,121,18,0,0,0,0),(2990,0,0,1,0.00000000000000,124,18,0,0,0,0),(2991,0,1,1,0.00000000000000,122,18,0,0,0,0),(2992,1,0,1,0.00000000000000,123,18,0,0,0,0),(2993,4,2,1,1.29032258064520,116,14,1,0,0,0),(2994,1,2,1,0.00000000000000,117,14,0,0,0,0),(2995,3,1,1,0.00000000000000,118,14,0,0,0,0),(2996,2,2,1,2.64383561643840,119,14,1,1,1,1),(2997,1,1,1,0.00000000000000,120,14,0,0,0,0),(2998,2,3,1,0.00000000000000,121,14,0,0,0,0),(2999,0,1,1,3.81250000000000,124,14,1,1,0,0),(3000,0,0,1,0.00000000000000,122,14,0,0,0,0),(3001,2,3,1,1.57600000000000,123,14,1,1,0,0),(3002,2,0,1,1.29032258064520,116,11,1,0,0,0),(3003,1,1,1,0.00000000000000,117,11,0,0,0,0),(3004,3,1,1,0.00000000000000,118,11,0,0,0,0),(3005,1,0,1,0.00000000000000,119,11,0,0,0,0),(3006,2,1,1,0.00000000000000,120,11,0,0,0,0),(3007,0,2,1,0.00000000000000,121,11,0,0,0,0),(3008,0,0,1,0.00000000000000,124,11,0,0,0,0),(3009,0,1,1,0.00000000000000,122,11,0,0,0,0),(3010,3,1,1,0.00000000000000,123,11,0,0,0,0),(3011,2,1,1,1.24193548387100,116,22,1,0,0,0),(3012,2,2,1,0.00000000000000,117,22,0,0,0,0),(3013,2,0,1,0.00000000000000,118,22,0,0,0,0),(3014,2,0,1,0.00000000000000,119,22,0,0,0,0),(3015,1,1,1,0.00000000000000,120,22,0,0,0,0),(3016,0,1,1,0.00000000000000,121,22,0,0,0,0),(3017,1,0,1,0.00000000000000,124,22,0,0,0,0),(3018,3,1,1,1.43548387096770,116,9,1,0,1,0),(3019,0,2,1,0.00000000000000,117,9,0,0,0,0),(3020,2,0,1,0.00000000000000,118,9,0,0,0,0),(3021,2,1,1,0.00000000000000,119,9,0,0,0,0),(3022,1,2,1,1.31563126252510,120,9,1,0,0,0),(3023,1,2,1,0.00000000000000,121,9,0,0,0,0),(3024,2,2,1,0.00000000000000,124,9,0,0,0,0),(3025,2,1,1,1.50000000000000,122,9,1,0,0,0),(3026,1,1,1,0.00000000000000,123,9,0,0,0,0),(3027,2,2,1,0.00000000000000,116,6,0,0,0,0),(3028,2,0,1,1.78260869565220,117,6,1,0,0,0),(3029,2,1,1,0.00000000000000,118,6,0,0,0,0),(3030,0,0,1,1.49315068493150,119,6,1,1,0,0),(3031,1,2,1,1.31563126252510,120,6,1,0,0,0),(3032,0,3,1,0.00000000000000,121,6,0,0,0,0),(3033,2,0,1,0.00000000000000,124,6,0,0,0,0),(3034,1,2,1,0.00000000000000,122,6,0,0,0,0),(3035,3,3,1,0.00000000000000,123,6,0,0,0,0),(3036,3,1,1,1.43548387096770,116,20,1,0,1,0),(3037,1,1,1,0.00000000000000,117,20,0,0,0,0),(3038,2,0,1,0.00000000000000,118,20,0,0,0,0),(3039,2,0,1,0.00000000000000,119,20,0,0,0,0),(3040,0,1,1,1.27054108216430,120,20,1,0,0,0),(3041,1,2,1,0.00000000000000,121,20,0,0,0,0),(3042,0,0,1,0.00000000000000,124,20,0,0,0,0),(3043,2,1,1,1.50000000000000,122,22,1,0,0,0),(3044,2,1,1,0.00000000000000,123,22,0,0,0,0),(3045,2,1,0,NULL,125,10,0,0,0,0),(3046,1,0,0,NULL,126,10,0,0,0,0),(3047,1,0,0,NULL,127,10,0,0,0,0),(3048,1,2,0,NULL,128,10,0,0,0,0),(3049,1,0,0,NULL,129,10,0,0,0,0),(3050,2,0,0,NULL,130,10,0,0,0,0),(3051,1,0,0,NULL,131,10,0,0,0,0),(3052,2,1,0,NULL,132,10,0,0,0,0),(3053,1,2,0,NULL,133,10,0,0,0,0),(3054,2,1,0,NULL,125,12,0,0,0,0),(3055,2,1,0,NULL,126,12,0,0,0,0),(3056,2,0,0,NULL,127,12,0,0,0,0),(3057,2,1,0,NULL,128,12,0,0,0,0),(3058,0,3,0,NULL,129,12,0,0,0,0),(3059,2,2,0,NULL,130,12,0,0,0,0),(3060,2,0,0,NULL,131,12,0,0,0,0),(3061,2,1,0,NULL,132,12,0,0,0,0),(3062,2,2,0,NULL,133,12,0,0,0,0),(3063,0,0,0,NULL,125,13,0,0,0,0),(3064,1,1,0,NULL,126,13,0,0,0,0),(3065,4,2,0,NULL,127,13,0,0,0,0),(3066,2,1,0,NULL,128,13,0,0,0,0),(3067,1,1,0,NULL,129,13,0,0,0,0),(3068,1,2,0,NULL,130,13,0,0,0,0),(3069,1,1,0,NULL,131,13,0,0,0,0),(3070,2,2,0,NULL,132,13,0,0,0,0),(3071,1,0,0,NULL,133,13,0,0,0,0),(3072,1,2,0,NULL,125,23,0,0,0,0),(3073,1,2,0,NULL,126,23,0,0,0,0),(3074,3,1,0,NULL,127,23,0,0,0,0),(3075,2,1,0,NULL,128,23,0,0,0,0),(3076,0,4,0,NULL,129,23,0,0,0,0),(3077,1,2,0,NULL,130,23,0,0,0,0),(3078,3,0,0,NULL,131,23,0,0,0,0),(3079,1,2,0,NULL,132,23,0,0,0,0),(3080,0,2,0,NULL,133,23,0,0,0,0),(3081,2,0,0,NULL,125,15,0,0,0,0),(3082,3,0,0,NULL,126,15,0,0,0,0),(3083,3,1,0,NULL,127,15,0,0,0,0),(3084,2,0,0,NULL,128,15,0,0,0,0),(3085,0,2,0,NULL,129,15,0,0,0,0),(3086,1,3,0,NULL,130,15,0,0,0,0),(3087,1,1,0,NULL,131,15,0,0,0,0),(3088,2,1,0,NULL,132,15,0,0,0,0),(3089,0,2,0,NULL,133,15,0,0,0,0),(3090,2,1,0,NULL,125,14,0,0,0,0),(3091,2,3,0,NULL,126,14,0,0,0,0),(3092,3,1,0,NULL,127,14,0,0,0,0),(3093,2,1,0,NULL,128,14,0,0,0,0),(3094,0,4,0,NULL,129,14,0,0,0,0),(3095,1,2,0,NULL,130,14,0,0,0,0),(3096,3,1,0,NULL,131,14,0,0,0,0),(3097,2,2,0,NULL,132,14,0,0,0,0),(3098,2,3,0,NULL,133,14,0,0,0,0),(3099,3,1,0,NULL,134,5,0,0,0,0),(3100,2,1,0,NULL,135,5,0,0,0,0),(3101,0,0,0,NULL,136,5,0,0,0,0),(3102,0,1,0,NULL,137,5,0,0,0,0),(3103,2,1,0,NULL,138,5,0,0,0,0),(3104,1,2,0,NULL,139,5,0,0,0,0),(3105,3,1,0,NULL,140,5,0,0,0,0),(3106,2,1,0,NULL,141,5,0,0,0,0),(3107,0,0,0,NULL,142,5,0,0,0,0);
/*!40000 ALTER TABLE `prediction` ENABLE KEYS */;
UNLOCK TABLES;

--
-- Table structure for table `season`
--

DROP TABLE IF EXISTS `season`;
/*!40101 SET @saved_cs_client     = @@character_set_client */;
/*!40101 SET character_set_client = utf8 */;
CREATE TABLE `season` (
  `id` int(11) NOT NULL AUTO_INCREMENT,
  `name` varchar(45) NOT NULL,
  `teams` tinyint(4) DEFAULT '0',
  `matchdays` tinyint(4) DEFAULT '0',
  `current_matchday` tinyint(4) DEFAULT '0',
  `right_tendency` decimal(18,16) NOT NULL DEFAULT '1.0000000000000000',
  `bonus_points` decimal(18,16) NOT NULL DEFAULT '9.0000000000000000',
  `status` tinyint(4) DEFAULT '0',
  PRIMARY KEY (`id`),
  UNIQUE KEY `name_UNIQUE` (`name`)
) ENGINE=InnoDB AUTO_INCREMENT=3 DEFAULT CHARSET=utf8;
/*!40101 SET character_set_client = @saved_cs_client */;

--
-- Dumping data for table `season`
--

LOCK TABLES `season` WRITE;
/*!40000 ALTER TABLE `season` DISABLE KEYS */;
INSERT INTO `season` VALUES (1,'Bundesliga 2014/2015',18,17,0,1.0000000000000000,9.0000000000000000,0),(2,'DFB-Pokal 2014/2015',32,1,0,1.0000000000000000,9.0000000000000000,0);
/*!40000 ALTER TABLE `season` ENABLE KEYS */;
UNLOCK TABLES;

--
-- Table structure for table `season_has_team`
--

DROP TABLE IF EXISTS `season_has_team`;
/*!40101 SET @saved_cs_client     = @@character_set_client */;
/*!40101 SET character_set_client = utf8 */;
CREATE TABLE `season_has_team` (
  `season_id` int(11) NOT NULL,
  `team_id` int(11) NOT NULL,
  PRIMARY KEY (`season_id`,`team_id`),
  KEY `fk_season_has_team_team1_idx` (`team_id`),
  KEY `fk_season_has_team_season1_idx` (`season_id`),
  CONSTRAINT `fk_season_has_team_season1` FOREIGN KEY (`season_id`) REFERENCES `season` (`id`) ON DELETE NO ACTION ON UPDATE NO ACTION,
  CONSTRAINT `fk_season_has_team_team1` FOREIGN KEY (`team_id`) REFERENCES `team` (`id`) ON DELETE NO ACTION ON UPDATE NO ACTION
) ENGINE=InnoDB DEFAULT CHARSET=utf8;
/*!40101 SET character_set_client = @saved_cs_client */;

--
-- Dumping data for table `season_has_team`
--

LOCK TABLES `season_has_team` WRITE;
/*!40000 ALTER TABLE `season_has_team` DISABLE KEYS */;
INSERT INTO `season_has_team` VALUES (1,1),(2,1),(1,2),(2,2),(1,3),(1,4),(2,4),(1,5),(2,5),(1,6),(2,6),(1,7),(1,8),(1,9),(2,9),(1,10),(2,10),(1,11),(2,11),(1,12),(2,12),(1,13),(2,13),(1,14),(2,14),(1,15),(1,16),(2,16),(1,17),(2,17),(1,18),(2,19),(2,20),(2,21),(2,22),(2,23),(2,24),(2,25),(2,26),(2,27),(2,28),(2,29),(2,30),(2,31),(2,32),(2,33),(2,34),(2,35),(2,36),(2,37);
/*!40000 ALTER TABLE `season_has_team` ENABLE KEYS */;
UNLOCK TABLES;

--
-- Table structure for table `team`
--

DROP TABLE IF EXISTS `team`;
/*!40101 SET @saved_cs_client     = @@character_set_client */;
/*!40101 SET character_set_client = utf8 */;
CREATE TABLE `team` (
  `id` int(11) NOT NULL AUTO_INCREMENT,
  `name` varchar(45) NOT NULL,
  `alias` varchar(3) NOT NULL,
  PRIMARY KEY (`id`),
  UNIQUE KEY `alias_UNIQUE` (`alias`),
  UNIQUE KEY `name_UNIQUE` (`name`)
) ENGINE=InnoDB AUTO_INCREMENT=38 DEFAULT CHARSET=utf8;
/*!40101 SET character_set_client = @saved_cs_client */;

--
-- Dumping data for table `team`
--

LOCK TABLES `team` WRITE;
/*!40000 ALTER TABLE `team` DISABLE KEYS */;
INSERT INTO `team` VALUES (1,'Bayern Mnchen','FCB'),(2,'Borussia Dortmund','BVB'),(3,'FC Schalke 04','S04'),(4,'Bayer Leverkusen','B04'),(5,'VfL Wolfsburg','WOB'),(6,'Borussia Mnchengladbach','BMG'),(7,'FSV Mainz 05','M05'),(8,'FC Augsburg','FCA'),(9,'1899 Hoffenheim','TSG'),(10,'Hannover 96','H96'),(11,'Hertha BSC','BSC'),(12,'SV Werder Bremen','BRE'),(13,'Eintracht Frankfurt','SGE'),(14,'SC Freiburg','SCF'),(15,'VfB Stuttgart','VfB'),(16,'Hamburger SV','HSV'),(17,'1. FC Kln','KOE'),(18,'SC Paderborn','SCP'),(19,'VfR Aalen','AAL'),(20,'Chemnitzer FC','CFC'),(21,'DSC Arminia Bielefeld','DSC'),(22,'Kickers Offenbach','OFF'),(23,'Karlsruher SC','KSC'),(24,'1. FC Kaiserslautern','FCK'),(25,'SpVgg Greuther Frth','FUE'),(26,'FC St. Pauli','STP'),(27,'MSV Duisburg','MSV'),(28,'Dynamo Dresden','DYN'),(29,'VfL Bochum','VfL'),(30,'Wrzburger Kickers','WUE'),(31,'Eintracht Braunschweig','BTS'),(32,'1. FC Magdeburg','MAG'),(33,'TSV 1860 Mnchen','TSV'),(34,'RB Leipzig','RBL'),(35,'Erzgebierge Aue','AUE'),(36,'1. FC Heidenheim','HEI'),(37,'FSV Frankfurt','FSV');
/*!40000 ALTER TABLE `team` ENABLE KEYS */;
UNLOCK TABLES;

--
-- Table structure for table `user`
--

DROP TABLE IF EXISTS `user`;
/*!40101 SET @saved_cs_client     = @@character_set_client */;
/*!40101 SET character_set_client = utf8 */;
CREATE TABLE `user` (
  `id` int(11) NOT NULL AUTO_INCREMENT,
  `name` varchar(45) NOT NULL,
  `surname` varchar(45) NOT NULL,
  `username` varchar(16) NOT NULL,
  `email` varchar(255) DEFAULT NULL,
  `password` varchar(32) NOT NULL,
  `create_time` timestamp NULL DEFAULT CURRENT_TIMESTAMP,
  `superuser` tinyint(4) DEFAULT '0',
  `notification` tinyint(4) DEFAULT '0',
  PRIMARY KEY (`id`),
  UNIQUE KEY `username_UNIQUE` (`username`)
) ENGINE=InnoDB AUTO_INCREMENT=27 DEFAULT CHARSET=utf8;
/*!40101 SET character_set_client = @saved_cs_client */;

--
-- Dumping data for table `user`
--

LOCK TABLES `user` WRITE;
/*!40000 ALTER TABLE `user` DISABLE KEYS */;
INSERT INTO `user` VALUES (1,'Mirco','Altenbernd','MA','mirco.altenbernd@tu-dortmund.de','5bbf9bad13f8624f4e6548c7bc4ca7bd',NULL,1,1),(2,'Matthias','Krger','MK','matthias2.krueger@tu-dortmund.de','0a01263298195e8a1c4fab16eca63922','2014-09-05 12:37:47',0,0),(3,'Frank','Klinker','IsunktheTitanic','Frank.Klinker@math.tu-dortmund.de','3959d36da891a68b9c949a75af535b10','2014-09-05 13:03:34',0,0),(4,'Hannes','Ruelmann','HR','hruelman@mathematik.tu-dortmund.de','fd37936d586b0f74c4ca33c81b26f0a8','2014-09-05 13:04:10',0,1),(5,'Adam','Kosik','AK','Adam.Kosik@math.tu-dortmund.de','87f27fa7daeb26bcccc9bcbc81284190','2014-09-05 13:04:21',0,0),(6,'Stefan','Turek','ST','stefan.turek@math.tu-dortmund.de','4f619b3c749ac45b660e66fc6d321dbf','2014-09-05 13:04:31',0,1),(7,'Dirk','Ribbrock','DR','dirk.ribbrock@mathematik.uni-dortmund.de','8e065119c74efe3a47aec8796964cf8b','2014-09-05 13:04:48',0,1),(8,'Thomas','Hbner','TH','thuebner@mathematik.uni-dortmund.de','cafb244d28529858b856474881500aaa','2014-09-05 13:05:08',0,0),(9,'Isabella','Turek','IT','isabella.turek@gmx.de','4104d12db48d05d8c4b685e6aa78b066','2014-09-05 13:05:19',0,1),(10,'Hogenrich','Damanik','HD','hdamanik@math.uni-dortmund.de','2995b39df9242d5698791aaf5cf96209','2014-09-05 13:06:04',0,0),(11,'Maria','Mierkova Szekelyova','MM','maria.mierkova.szekelyova@googlemail.com','ba0b108e5600cdec9a594bbbc8920d25','2014-09-05 13:06:30',0,1),(12,'Andriy','Sokolov','AS','asokolow@math.tu-dortmund.de','71556d7a770c9ca0442ada011cfe2c69','2014-09-05 13:06:41',0,1),(13,'Jordi','Paul','JP','Jordi.Paul@math.tu-dortmund.de','401ba5165829207f7d0cf89166556f28','2014-09-05 13:06:51',0,0),(14,'Patrick','Westervo','PW','patrick.westervoss@math.tu-dortmund.de','9e22bd390945a848202fc5a6dd721c51','2014-09-05 13:07:04',0,1),(15,'Christopher','Basting','CBas','Christopher.Basting@math.tu-dortmund.de','b3f3d45ff24d51bc0688c70d430a4607','2014-09-05 13:07:59',0,1),(16,'Evren','Bayraktar','EB','Evren.Bayraktar@math.tu-dortmund.de','508b6672d6930133d69a363f368db4b2','2014-09-05 13:08:11',0,0),(17,'Robert','Strehl','RS','robert.strehl@math.uni-dortmund.de','37a08ed30093a133b1bb4ae0b8f3601f','2014-09-05 13:08:26',0,1),(18,'Malte','Schuh','MSchuh','malte.schuh@math.tu-dortmund.de','78b6802eed9c7a038b2ee2c8b66234a5','2014-09-05 13:08:43',0,1),(19,'Christian','Becker','CHB','christian.becker@math.tu-dortmund.de','c7e4b3d3f25834c6545183cced0cca10','2014-09-05 13:08:54',0,0),(20,'Frank','Platte','FP','frank.platte@mathematik.uni-dortmund.de','eae772aa36175c3c3bf903f469c87cb0','2014-09-05 13:09:05',0,0),(21,'Daniel','Donner','DD','ddonner@mathematik.tu-dortmund.de','14bae89eb2d40cc46a75fbe008c6e15c','2014-09-05 13:09:18',0,0),(22,'Otto','Mierka','OM','omierka@mathematik.uni-dortmund.de','9c29bff1179ab1e19a34cf94e07c1801','2014-09-05 13:09:25',0,0),(23,'Malte','Schirwon','MS','malte.schirwon@math.tu-dortmund.de','5975c0781936b5a5e9e8a74788ddddc3','2014-09-05 13:09:36',0,1),(24,'Christian','Palmes','CP','cpalmes@mathematik.tu-dortmund.de','aa746149e73f97db0b924e1bdadf56e3','2014-09-05 13:22:02',0,1),(25,'Raphael','Mnster','RM','raphael.muenster@math.uni-dortmund.de','d1ee40f1ebb8aea336ab33cbd518bdda','2014-09-05 13:22:24',0,0),(26,'Robert','Jendrny','RJ','Robert.Jendrny@math.tu-dortmund.de','1e1dc2077934995df4cae30e04b54e13','2014-09-05 13:24:42',0,1);
/*!40000 ALTER TABLE `user` ENABLE KEYS */;
UNLOCK TABLES;

--
-- Table structure for table `user_in_season`
--

DROP TABLE IF EXISTS `user_in_season`;
/*!40101 SET @saved_cs_client     = @@character_set_client */;
/*!40101 SET character_set_client = utf8 */;
CREATE TABLE `user_in_season` (
  `user_id` int(11) NOT NULL,
  `season_id` int(11) NOT NULL,
  PRIMARY KEY (`season_id`,`user_id`),
  KEY `fk_user_in_season_season_idx` (`season_id`),
  KEY `fk_user_in_season_user_idx` (`user_id`),
  CONSTRAINT `fk_user_in_season_season` FOREIGN KEY (`season_id`) REFERENCES `season` (`id`) ON DELETE NO ACTION ON UPDATE NO ACTION,
  CONSTRAINT `fk_user_in_season_user` FOREIGN KEY (`user_id`) REFERENCES `user` (`id`) ON DELETE NO ACTION ON UPDATE NO ACTION
) ENGINE=InnoDB DEFAULT CHARSET=utf8;
/*!40101 SET character_set_client = @saved_cs_client */;

--
-- Dumping data for table `user_in_season`
--

LOCK TABLES `user_in_season` WRITE;
/*!40000 ALTER TABLE `user_in_season` DISABLE KEYS */;
INSERT INTO `user_in_season` VALUES (1,1),(2,1),(3,1),(4,1),(5,1),(6,1),(7,1),(8,1),(9,1),(10,1),(11,1),(12,1),(13,1),(14,1),(15,1),(16,1),(17,1),(18,1),(19,1),(20,1),(21,1),(22,1),(23,1),(24,1),(25,1),(26,1),(1,2),(2,2),(4,2),(5,2),(6,2),(7,2),(8,2),(9,2),(12,2),(14,2),(17,2),(18,2),(21,2),(23,2),(26,2);
/*!40000 ALTER TABLE `user_in_season` ENABLE KEYS */;
UNLOCK TABLES;
/*!40103 SET TIME_ZONE=@OLD_TIME_ZONE */;

/*!40101 SET SQL_MODE=@OLD_SQL_MODE */;
/*!40014 SET FOREIGN_KEY_CHECKS=@OLD_FOREIGN_KEY_CHECKS */;
/*!40014 SET UNIQUE_CHECKS=@OLD_UNIQUE_CHECKS */;
/*!40101 SET CHARACTER_SET_CLIENT=@OLD_CHARACTER_SET_CLIENT */;
/*!40101 SET CHARACTER_SET_RESULTS=@OLD_CHARACTER_SET_RESULTS */;
/*!40101 SET COLLATION_CONNECTION=@OLD_COLLATION_CONNECTION */;
/*!40111 SET SQL_NOTES=@OLD_SQL_NOTES */;

-- Dump completed on 2014-11-27 11:00:01
